dt,symbol,shares,price,fee
2021-06-14 00:00:00+00:00,BMO,573,87.24,29.993112
2021-06-16 00:00:00+00:00,BMO,-573,87.24,29.993112
2021-06-21 00:00:00+00:00,BMO,588,85.68,30.227904000000002
2021-06-23 00:00:00+00:00,BMO,-9,87.19,0.470826
2021-06-24 00:00:00+00:00,BMO,-579,87.29,30.324546
2021-06-30 00:00:00+00:00,BMO,591,85.16,30.197736
2021-07-06 00:00:00+00:00,BMO,-591,85.88,30.453047999999995
2021-07-09 00:00:00+00:00,BMO,608,84.35,30.77088
2021-07-12 00:00:00+00:00,BMO,-9,84.01,0.453654
2021-07-13 00:00:00+00:00,BMO,-599,84.92,30.520248000000002
2021-07-16 00:00:00+00:00,MNDY,243,210.2,30.64716
2021-07-19 00:00:00+00:00,BMO,596,81.41,29.112216000000004
2021-07-19 00:00:00+00:00,MNDY,5,194.0,0.582
2021-07-20 00:00:00+00:00,BMO,33,79.92,1.582416
2021-07-20 00:00:00+00:00,MNDY,-9,210.0,1.1340000000000001
2021-07-21 00:00:00+00:00,BMO,-14,81.74,0.6866159999999999
2021-07-21 00:00:00+00:00,MNDY,6,204.32,0.7355520000000001
2021-07-22 00:00:00+00:00,MNDY,-245,210.95,31.00965
2021-07-26 00:00:00+00:00,BMO,-615,82.68,30.508920000000003
2021-08-04 00:00:00+00:00,MNDY,251,206.9,31.159140000000004
2021-08-06 00:00:00+00:00,MNDY,-251,224.66,33.833796
2021-08-18 00:00:00+00:00,BMO,628,84.89,31.986551999999996
2021-08-20 00:00:00+00:00,BMO,7,82.9,0.34818000000000005
2021-08-23 00:00:00+00:00,BMO,-3,84.81,0.152658
2021-08-24 00:00:00+00:00,BMO,-632,86.19,32.683248000000006
2021-08-31 00:00:00+00:00,BMO,640,84.17,32.32128
2021-09-02 00:00:00+00:00,BMO,-640,85.1,32.678399999999996
2021-09-21 00:00:00+00:00,BMO,658,82.84,32.705232
2021-09-22 00:00:00+00:00,BMO,-4,83.05,0.19932
2021-09-23 00:00:00+00:00,BMO,-4,84.4,0.20256000000000002
2021-09-24 00:00:00+00:00,BMO,-650,84.86,33.0954
2021-09-29 00:00:00+00:00,MNDY,166,330.0,32.868
2021-10-01 00:00:00+00:00,BMO,647,84.24,32.701968
2021-10-01 00:00:00+00:00,MNDY,1,329.18,0.19750800000000002
2021-10-04 00:00:00+00:00,MNDY,-1,327.51,0.19650600000000001
2021-10-05 00:00:00+00:00,BMO,-647,85.56,33.214392000000004
2021-10-05 00:00:00+00:00,MNDY,-166,330.66,32.933736
2021-11-03 00:00:00+00:00,MNDY,151,366.17,33.175002000000006
2021-11-04 00:00:00+00:00,MNDY,2,354.0,0.42479999999999996
2021-11-08 00:00:00+00:00,MNDY,1,359.81,0.21588600000000002
2021-11-09 00:00:00+00:00,MNDY,-154,384.03,35.484372
2021-11-16 00:00:00+00:00,MNDY,153,368.69,33.845742
2021-11-17 00:00:00+00:00,MNDY,-153,403.65,37.05507
2021-11-19 00:00:00+00:00,BMO,632,92.68,35.144256
2021-11-22 00:00:00+00:00,BMO,6,92.6,0.33335999999999993
2021-11-23 00:00:00+00:00,MNDY,180,326.88,35.30304
2021-11-24 00:00:00+00:00,BMO,-638,93.25,35.6961
2021-11-24 00:00:00+00:00,MNDY,-3,337.965,0.608337
2021-11-26 00:00:00+00:00,MNDY,1,336.0,0.2016
2021-11-30 00:00:00+00:00,BMO,688,90.8,37.482240000000004
2021-11-30 00:00:00+00:00,MNDY,-178,363.46,38.817528
2021-12-01 00:00:00+00:00,BMO,10,90.11,0.54066
2021-12-02 00:00:00+00:00,BMO,2,88.31,0.105972
2021-12-03 00:00:00+00:00,BMO,-6,91.73,0.33022799999999997
2021-12-06 00:00:00+00:00,BMO,-694,92.25,38.4129
2021-12-06 00:00:00+00:00,MNDY,227,281.0,38.2722
2021-12-07 00:00:00+00:00,MNDY,-6,300.68,1.0824479999999999
2021-12-08 00:00:00+00:00,MNDY,-221,313.11,41.518386
2021-12-14 00:00:00+00:00,MNDY,245,259.42,38.13474
2021-12-15 00:00:00+00:00,MNDY,4,267.87,0.642888
2021-12-17 00:00:00+00:00,MNDY,-1,264.98,0.15898800000000002
2021-12-20 00:00:00+00:00,BMO,799,86.96,41.688624
2021-12-20 00:00:00+00:00,MNDY,-248,277.78,41.333664
2021-12-21 00:00:00+00:00,BMO,-6,87.42,0.314712
2021-12-22 00:00:00+00:00,BMO,-5,87.43,0.26229
2021-12-27 00:00:00+00:00,BMO,-788,90.39,42.736392
2022-01-06 00:00:00+00:00,MNDY,281,243.56,41.064216
2022-01-07 00:00:00+00:00,MNDY,8,241.63,1.159824
2022-01-10 00:00:00+00:00,MNDY,2,225.34,0.27040800000000004
2022-01-11 00:00:00+00:00,MNDY,-2,239.02,0.286824
2022-01-13 00:00:00+00:00,MNDY,-289,243.12,42.157008000000005
2022-01-14 00:00:00+00:00,MNDY,320,216.32,41.53344
2022-01-18 00:00:00+00:00,MNDY,4,209.0,0.5016
2022-01-19 00:00:00+00:00,MNDY,-324,206.25,40.095
2022-01-26 00:00:00+00:00,BMO,704,98.28,41.513472
2022-01-27 00:00:00+00:00,MNDY,352,197.69,41.752128000000006
2022-01-28 00:00:00+00:00,BMO,-704,96.23,40.647552
2022-01-31 00:00:00+00:00,MNDY,-2,193.0,0.2316
2022-02-01 00:00:00+00:00,MNDY,-350,213.66,44.8686
2022-02-07 00:00:00+00:00,MNDY,377,188.11,42.550482
2022-02-08 00:00:00+00:00,MNDY,-11,192.18,1.268388
2022-02-09 00:00:00+00:00,MNDY,-366,209.64,46.03694399999999
2022-02-18 00:00:00+00:00,BMO,749,99.33,44.638901999999995
2022-02-22 00:00:00+00:00,BMO,2,97.62,0.11714400000000001
2022-02-22 00:00:00+00:00,MNDY,379,190.31,43.27649400000001
2022-02-23 00:00:00+00:00,BMO,-25,99.16,1.4874
2022-02-23 00:00:00+00:00,MNDY,23,135.0,1.863
2022-02-24 00:00:00+00:00,BMO,-92,93.22,5.1457440000000005
2022-02-24 00:00:00+00:00,MNDY,78,124.0,5.8032
2022-02-25 00:00:00+00:00,BMO,50,96.23,2.8869
2022-02-25 00:00:00+00:00,MNDY,-33,146.5,2.9007
2022-02-28 00:00:00+00:00,BMO,-684,96.12,39.447648
2022-02-28 00:00:00+00:00,MNDY,-8,155.09,0.744432
2022-03-02 00:00:00+00:00,MNDY,-439,157.19,41.403846
2022-03-07 00:00:00+00:00,MNDY,500,135.17,40.551
2022-03-08 00:00:00+00:00,MNDY,6,131.84,0.474624
2022-03-09 00:00:00+00:00,BMO,721,97.24,42.066024
2022-03-09 00:00:00+00:00,MNDY,-8,144.985,0.6959280000000001
2022-03-10 00:00:00+00:00,MNDY,-498,136.35,40.74138000000001
2022-03-11 00:00:00+00:00,BMO,-721,99.01,42.831726
2022-03-15 00:00:00+00:00,MNDY,592,116.32,41.316864
2022-03-16 00:00:00+00:00,MNDY,-20,125.21,1.50252
2022-03-17 00:00:00+00:00,MNDY,-572,132.47,45.463704
2022-03-28 00:00:00+00:00,MNDY,488,151.0,44.2128
2022-03-29 00:00:00+00:00,MNDY,-6,157.54,0.5671440000000001
2022-03-30 00:00:00+00:00,MNDY,-482,163.5,47.2842
2022-04-08 00:00:00+00:00,BMO,780,98.02,45.87335999999999
2022-04-08 00:00:00+00:00,MNDY,527,143.59,45.403158000000005
2022-04-11 00:00:00+00:00,MNDY,13,137.5,1.0725
2022-04-12 00:00:00+00:00,BMO,-4,98.12,0.23548800000000003
2022-04-12 00:00:00+00:00,MNDY,-5,145.79,0.43737
2022-04-13 00:00:00+00:00,BMO,2,96.39,0.115668
2022-04-14 00:00:00+00:00,MNDY,-535,148.77,47.75517000000001
2022-04-20 00:00:00+00:00,BMO,-778,99.43,46.41392400000001
2022-04-26 00:00:00+00:00,BMO,823,94.34,46.585092
2022-04-27 00:00:00+00:00,BMO,14,92.52,0.777168
2022-04-28 00:00:00+00:00,BMO,3,92.54,0.16657200000000003
2022-04-29 00:00:00+00:00,BMO,-6,93.8,0.33768
2022-05-02 00:00:00+00:00,BMO,8,91.57,0.439536
2022-05-02 00:00:00+00:00,MNDY,597,129.2,46.279439999999994
2022-05-04 00:00:00+00:00,BMO,-842,92.77,46.867404
2022-05-05 00:00:00+00:00,MNDY,-597,137.43,49.22742600000001
2022-05-10 00:00:00+00:00,BMO,909,88.99,48.535146
2022-05-10 00:00:00+00:00,MNDY,713,114.27,48.884705999999994
2022-05-11 00:00:00+00:00,BMO,-20,88.09,1.0570800000000002
2022-05-11 00:00:00+00:00,MNDY,-5,104.06,0.31218
2022-05-12 00:00:00+00:00,BMO,-62,86.88,3.2319359999999997
2022-05-12 00:00:00+00:00,MNDY,57,88.63,3.031146
2022-05-13 00:00:00+00:00,BMO,28,87.57,1.471176
2022-05-13 00:00:00+00:00,MNDY,-21,100.19,1.262394
2022-05-16 00:00:00+00:00,BMO,-855,88.32,45.30816
2022-05-16 00:00:00+00:00,MNDY,-744,112.0,49.9968
2022-06-10 00:00:00+00:00,BMO,865,89.98,46.69962
2022-06-13 00:00:00+00:00,BMO,22,86.88,1.146816
2022-06-13 00:00:00+00:00,MNDY,810,90.5,43.983000000000004
2022-06-14 00:00:00+00:00,BMO,22,86.85,1.14642
2022-06-14 00:00:00+00:00,MNDY,39,94.0,2.1996
2022-06-15 00:00:00+00:00,BMO,17,86.2,0.87924
2022-06-15 00:00:00+00:00,MNDY,-15,96.32,0.8668800000000001
2022-06-16 00:00:00+00:00,BMO,37,85.06,1.8883320000000001
2022-06-17 00:00:00+00:00,BMO,-32,84.33,1.6191360000000001
2022-06-17 00:00:00+00:00,MNDY,-834,97.5,48.789
2022-06-21 00:00:00+00:00,BMO,20,85.73,1.0287600000000001
2022-06-22 00:00:00+00:00,BMO,-951,83.96,47.90757599999999
2022-07-01 00:00:00+00:00,MNDY,770,103.32,47.73384
2022-07-06 00:00:00+00:00,MNDY,-770,118.9,54.931799999999996
2022-07-27 00:00:00+00:00,MNDY,900,97.81,52.8174
2022-07-29 00:00:00+00:00,MNDY,-900,102.67,55.4418
2022-08-23 00:00:00+00:00,BMO,989,88.72,52.646448
2022-08-24 00:00:00+00:00,BMO,-2,87.67,0.10520399999999999
2022-08-25 00:00:00+00:00,BMO,8,87.55,0.42024
2022-08-25 00:00:00+00:00,MNDY,719,121.99,52.626486
2022-08-26 00:00:00+00:00,BMO,-9,87.98,0.47509200000000007
2022-08-29 00:00:00+00:00,BMO,-2,85.7,0.10284
2022-08-30 00:00:00+00:00,BMO,-9,84.63,0.45700199999999996
2022-08-31 00:00:00+00:00,BMO,15,82.42,0.74178
2022-09-01 00:00:00+00:00,BMO,8,80.21,0.38500799999999996
2022-09-02 00:00:00+00:00,BMO,-15,81.84,0.7365600000000001
2022-09-07 00:00:00+00:00,BMO,1,79.52,0.047712
2022-09-07 00:00:00+00:00,MNDY,-1,109.07,0.065442
2022-09-08 00:00:00+00:00,BMO,-984,80.47,47.509488
2022-09-08 00:00:00+00:00,MNDY,-718,118.9,51.22212
2022-09-19 00:00:00+00:00,BMO,984,82.59,48.76113599999999
2022-09-20 00:00:00+00:00,BMO,-984,83.32,49.19212799999999
2022-09-22 00:00:00+00:00,BMO,1016,81.48,49.670208
2022-09-22 00:00:00+00:00,MNDY,635,130.08,49.560480000000005
2022-09-23 00:00:00+00:00,BMO,-25,79.31,1.18965
2022-09-23 00:00:00+00:00,MNDY,14,120.46,1.0118639999999999
2022-09-26 00:00:00+00:00,MNDY,-1,119.93,0.07195800000000001
2022-09-28 00:00:00+00:00,BMO,25,76.66,1.1499000000000001
2022-09-29 00:00:00+00:00,MNDY,-648,126.94,49.354272
2022-10-04 00:00:00+00:00,BMO,-1016,79.78,48.633888
2022-10-10 00:00:00+00:00,BMO,1075,75.45,48.66525
2022-10-10 00:00:00+00:00,MNDY,739,108.3,48.020219999999995
2022-10-11 00:00:00+00:00,BMO,-57,74.14,2.5355880000000006
2022-10-11 00:00:00+00:00,MNDY,45,95.85,2.58795
2022-10-12 00:00:00+00:00,BMO,10,72.83,0.43698
2022-10-12 00:00:00+00:00,MNDY,-7,96.38,0.40479600000000004
2022-10-13 00:00:00+00:00,BMO,-17,72.02,0.734604
2022-10-13 00:00:00+00:00,MNDY,13,90.73,0.7076939999999999
2022-10-14 00:00:00+00:00,BMO,-1011,76.53,46.423098
2022-10-14 00:00:00+00:00,MNDY,6,97.82,0.352152
2022-10-19 00:00:00+00:00,MNDY,-796,98.91,47.239416
2022-11-03 00:00:00+00:00,MNDY,840,89.99,45.35496
2022-11-04 00:00:00+00:00,MNDY,8,91.51,0.439248
2022-11-07 00:00:00+00:00,MNDY,64,81.15,3.1161600000000007
2022-11-08 00:00:00+00:00,MNDY,19,78.46,0.8944439999999998
2022-11-09 00:00:00+00:00,MNDY,-13,77.67,0.6058260000000001
2022-11-10 00:00:00+00:00,MNDY,21,83.72,1.054872
2022-11-11 00:00:00+00:00,MNDY,-939,83.72,47.167848
2022-11-22 00:00:00+00:00,MNDY,804,92.61,44.675064000000006
2022-11-23 00:00:00+00:00,MNDY,-6,95.57,0.34405199999999997
2022-11-25 00:00:00+00:00,MNDY,-798,97.93,46.888884
2022-12-07 00:00:00+00:00,BMO,923,83.27,46.114926
2022-12-08 00:00:00+00:00,BMO,3,83.76,0.15076800000000004
2022-12-09 00:00:00+00:00,BMO,9,81.36,0.439344
2022-12-13 00:00:00+00:00,BMO,3,79.66,0.143388
2022-12-14 00:00:00+00:00,BMO,6,79.99,0.287964
2022-12-15 00:00:00+00:00,BMO,3,78.67,0.141606
2022-12-16 00:00:00+00:00,BMO,10,77.4,0.46440000000000003
2022-12-19 00:00:00+00:00,BMO,1,78.4,0.047040000000000005
2022-12-20 00:00:00+00:00,BMO,1,78.21,0.046926
2022-12-22 00:00:00+00:00,BMO,-959,79.48,45.732792
2022-12-23 00:00:00+00:00,MNDY,662,112.05,44.50626
2022-12-30 00:00:00+00:00,MNDY,-662,117.87,46.817964
2023-02-21 00:00:00+00:00,BMO,862,89.06,46.061832
2023-02-22 00:00:00+00:00,BMO,14,87.12,0.731808
2023-02-22 00:00:00+00:00,MNDY,519,146.6,45.651239999999994
2023-02-23 00:00:00+00:00,BMO,24,87.15,1.2549600000000003
2023-02-23 00:00:00+00:00,MNDY,-11,156.81,1.0349460000000001
2023-02-24 00:00:00+00:00,BMO,12,84.89,0.611208
2023-02-24 00:00:00+00:00,MNDY,-508,151.72,46.24425599999999
2023-02-27 00:00:00+00:00,BMO,-14,86.64,0.727776
2023-02-28 00:00:00+00:00,BMO,-1,85.66,0.051396
2023-03-01 00:00:00+00:00,BMO,8,84.52,0.405696
2023-03-02 00:00:00+00:00,BMO,-905,85.09,46.20387
2023-03-03 00:00:00+00:00,BMO,908,84.82,46.209936
2023-03-06 00:00:00+00:00,BMO,-908,86.07,46.890936
2023-03-08 00:00:00+00:00,BMO,930,82.99,46.30842
2023-03-09 00:00:00+00:00,BMO,4,82.33,0.197592
2023-03-10 00:00:00+00:00,BMO,9,80.51,0.43475400000000003
2023-03-10 00:00:00+00:00,MNDY,543,139.8,45.54684000000001
2023-03-13 00:00:00+00:00,BMO,-24,77.5,1.116
2023-03-13 00:00:00+00:00,MNDY,17,129.48,1.3206959999999999
2023-03-14 00:00:00+00:00,BMO,23,79.7,1.09986
2023-03-15 00:00:00+00:00,BMO,7,76.34,0.32062799999999997
2023-03-16 00:00:00+00:00,BMO,11,76.25,0.50325
2023-03-17 00:00:00+00:00,MNDY,-560,136.81,45.968160000000005
2023-03-20 00:00:00+00:00,BMO,2,76.83,0.092196
2023-03-21 00:00:00+00:00,BMO,-3,77.87,0.140166
2023-03-21 00:00:00+00:00,MNDY,564,131.36,44.45222400000001
2023-03-22 00:00:00+00:00,BMO,-959,77.81,44.771874000000004
2023-03-22 00:00:00+00:00,MNDY,-564,139.05,47.05452000000001
2023-04-10 00:00:00+00:00,MNDY,569,132.09,45.095526
2023-04-12 00:00:00+00:00,MNDY,6,136.48,0.491328
2023-04-13 00:00:00+00:00,MNDY,-575,135.51,46.75095
2023-04-25 00:00:00+00:00,BMO,947,80.73,45.870785999999995
2023-04-25 00:00:00+00:00,MNDY,609,126.25,46.131750000000004
2023-04-26 00:00:00+00:00,BMO,-11,79.02,0.5215319999999999
2023-04-26 00:00:00+00:00,MNDY,13,122.5,0.9555
2023-04-27 00:00:00+00:00,BMO,15,79.65,0.71685
2023-04-28 00:00:00+00:00,MNDY,-6,121.78,0.4384080000000001
2023-05-01 00:00:00+00:00,BMO,-951,81.53,46.521018000000005
2023-05-02 00:00:00+00:00,MNDY,-616,119.67,44.23003200000001
2023-05-03 00:00:00+00:00,MNDY,672,112.47,45.347904
2023-05-04 00:00:00+00:00,BMO,957,77.97,44.770374
2023-05-04 00:00:00+00:00,MNDY,1,111.39,0.066834
2023-05-05 00:00:00+00:00,BMO,9,77.71,0.41963399999999995
2023-05-05 00:00:00+00:00,MNDY,-4,111.08,0.266592
2023-05-09 00:00:00+00:00,BMO,-966,78.77,45.655091999999996
2023-05-09 00:00:00+00:00,MNDY,-669,123.48,49.56487200000001
2023-05-25 00:00:00+00:00,BMO,1060,74.89,47.630039999999994
2023-05-26 00:00:00+00:00,BMO,-1,74.95,0.04497
2023-05-30 00:00:00+00:00,BMO,-9,76.31,0.412074
2023-05-31 00:00:00+00:00,BMO,3,75.33,0.13559400000000002
2023-06-01 00:00:00+00:00,BMO,-1053,75.57,47.745126
2023-06-08 00:00:00+00:00,MNDY,475,167.52,47.7432
2023-06-09 00:00:00+00:00,MNDY,-475,174.87,49.83795
2023-07-24 00:00:00+00:00,MNDY,469,175.05,49.25907000000001
2023-07-27 00:00:00+00:00,MNDY,-469,181.61,51.10505400000001
2023-08-03 00:00:00+00:00,BMO,1016,81.03,49.395888
2023-08-03 00:00:00+00:00,MNDY,499,164.0,49.1016
2023-08-04 00:00:00+00:00,BMO,11,81.06,0.534996
2023-08-04 00:00:00+00:00,MNDY,3,171.72,0.309096
2023-08-07 00:00:00+00:00,BMO,-18,81.36,0.878688
2023-08-07 00:00:00+00:00,MNDY,9,163.02,0.8803080000000001
2023-08-08 00:00:00+00:00,BMO,7,80.09,0.33637799999999995
2023-08-08 00:00:00+00:00,MNDY,-4,159.33,0.38239200000000007
2023-08-09 00:00:00+00:00,MNDY,11,156.07,1.030062
2023-08-10 00:00:00+00:00,MNDY,4,154.95,0.37188
2023-08-11 00:00:00+00:00,BMO,-18,80.0,0.864
2023-08-14 00:00:00+00:00,BMO,2,79.79,0.09574800000000001
2023-08-15 00:00:00+00:00,MNDY,-522,167.76,52.542432000000005
2023-08-16 00:00:00+00:00,BMO,56,77.45,2.60232
2023-08-17 00:00:00+00:00,BMO,4,77.76,0.186624
2023-08-18 00:00:00+00:00,BMO,3,76.43,0.137574
2023-08-21 00:00:00+00:00,BMO,3,76.7,0.13806000000000002
2023-08-23 00:00:00+00:00,BMO,9,74.96,0.40478400000000003
2023-08-29 00:00:00+00:00,BMO,-1075,75.25,48.536249999999995
2023-09-08 00:00:00+00:00,BMO,1056,76.45,48.43872
2023-09-12 00:00:00+00:00,BMO,-1056,77.85,49.325759999999995
2023-09-14 00:00:00+00:00,MNDY,493,165.17,48.857286
2023-09-15 00:00:00+00:00,MNDY,2,162.7,0.19523999999999997
2023-09-18 00:00:00+00:00,MNDY,1,160.98,0.096588
2023-09-19 00:00:00+00:00,MNDY,2,161.2,0.19343999999999997
2023-09-21 00:00:00+00:00,MNDY,5,156.15,0.46845000000000003
2023-09-22 00:00:00+00:00,BMO,1011,79.29,48.097314000000004
2023-09-22 00:00:00+00:00,MNDY,1,160.0,0.096
2023-09-25 00:00:00+00:00,BMO,-3,77.83,0.140094
2023-09-25 00:00:00+00:00,MNDY,-2,155.24,0.186288
2023-09-26 00:00:00+00:00,BMO,-6,77.78,0.28000800000000003
2023-09-26 00:00:00+00:00,MNDY,3,154.0,0.2772
2023-09-27 00:00:00+00:00,BMO,-9,77.61,0.419094
2023-09-27 00:00:00+00:00,MNDY,5,151.64,0.45492
2023-09-28 00:00:00+00:00,BMO,13,76.74,0.598572
2023-09-28 00:00:00+00:00,MNDY,-7,151.13,0.6347459999999999
2023-09-29 00:00:00+00:00,MNDY,-503,160.73,48.50831399999999
2023-10-02 00:00:00+00:00,BMO,22,76.65,1.0117800000000001
2023-10-03 00:00:00+00:00,BMO,17,74.05,0.75531
2023-10-04 00:00:00+00:00,BMO,10,73.08,0.43848
2023-10-05 00:00:00+00:00,BMO,-1,72.96,0.043775999999999995
2023-10-06 00:00:00+00:00,BMO,-4,73.33,0.175992
2023-10-06 00:00:00+00:00,MNDY,508,150.14,45.762671999999995
2023-10-10 00:00:00+00:00,BMO,-1050,74.28,46.7964
2023-10-10 00:00:00+00:00,MNDY,-508,152.25,46.4058
2023-10-13 00:00:00+00:00,MNDY,541,142.24,46.171104000000014
2023-10-16 00:00:00+00:00,MNDY,13,142.02,1.1077560000000002
2023-10-20 00:00:00+00:00,MNDY,-554,137.36,45.658464
2023-10-23 00:00:00+00:00,BMO,1085,70.39,45.82389
2023-10-23 00:00:00+00:00,MNDY,582,130.32,45.507743999999995
2023-10-24 00:00:00+00:00,BMO,34,70.72,1.442688
2023-10-24 00:00:00+00:00,MNDY,-8,138.52,0.664896
2023-10-25 00:00:00+00:00,BMO,10,69.29,0.41574000000000005
2023-10-25 00:00:00+00:00,MNDY,-574,138.04,47.54097599999999
2023-10-26 00:00:00+00:00,BMO,2,69.24,0.083088
2023-10-26 00:00:00+00:00,MNDY,609,129.0,47.1366
2023-10-27 00:00:00+00:00,MNDY,10,128.1,0.7686
2023-10-30 00:00:00+00:00,BMO,7,69.22,0.290724
2023-10-30 00:00:00+00:00,MNDY,-15,131.7,1.1852999999999998
2023-10-31 00:00:00+00:00,BMO,-1138,69.89,47.720892000000006
2023-10-31 00:00:00+00:00,MNDY,4,130.0,0.312
2023-11-01 00:00:00+00:00,MNDY,-608,130.0,47.42400000000001
2023-11-10 00:00:00+00:00,BMO,1103,71.63,47.404734000000005
2023-11-14 00:00:00+00:00,BMO,-1103,73.71,48.78127799999999
2023-12-26 00:00:00+00:00,MNDY,423,190.0,48.222
2023-12-28 00:00:00+00:00,MNDY,-423,189.0,47.9682
2024-02-01 00:00:00+00:00,BMO,908,87.94,47.909712000000006
2024-02-05 00:00:00+00:00,BMO,3,87.02,0.156636
2024-02-06 00:00:00+00:00,BMO,6,85.7,0.30852000000000007
2024-02-07 00:00:00+00:00,BMO,1,86.05,0.05163
2024-02-08 00:00:00+00:00,BMO,1,85.33,0.051198
2024-02-12 00:00:00+00:00,BMO,-919,86.46,47.674043999999995
2024-02-16 00:00:00+00:00,MNDY,356,222.0,47.4192
2024-02-20 00:00:00+00:00,MNDY,-356,224.45,47.94252
2024-02-22 00:00:00+00:00,MNDY,382,213.99,49.04650800000001
2024-02-23 00:00:00+00:00,MNDY,-5,209.2,0.6276
2024-02-27 00:00:00+00:00,MNDY,-377,218.8,49.49256
2024-02-28 00:00:00+00:00,BMO,952,84.26,48.129312000000006
2024-02-29 00:00:00+00:00,BMO,5,84.08,0.25224
2024-03-01 00:00:00+00:00,BMO,-5,84.71,0.25412999999999997
2024-03-04 00:00:00+00:00,BMO,-2,84.59,0.101508
2024-03-05 00:00:00+00:00,BMO,-950,85.22,48.5754
2024-04-03 00:00:00+00:00,MNDY,376,212.98,48.048288
2024-04-04 00:00:00+00:00,MNDY,1,219.5,0.1317
2024-04-05 00:00:00+00:00,MNDY,1,213.35,0.12801
2024-04-09 00:00:00+00:00,MNDY,-378,219.68,49.82342400000001
2024-04-11 00:00:00+00:00,MNDY,410,200.92,49.426320000000004
2024-04-12 00:00:00+00:00,BMO,924,87.75,48.6486
2024-04-12 00:00:00+00:00,MNDY,-1,196.58,0.117948
2024-04-15 00:00:00+00:00,BMO,-4,87.45,0.20988
2024-04-15 00:00:00+00:00,MNDY,5,193.61,0.5808300000000001
2024-04-16 00:00:00+00:00,BMO,-20,86.15,1.0338
2024-04-16 00:00:00+00:00,MNDY,9,182.49,0.985446
2024-04-17 00:00:00+00:00,BMO,17,85.43,0.8713860000000001
2024-04-17 00:00:00+00:00,MNDY,-8,187.92,0.902016
2024-04-18 00:00:00+00:00,BMO,-7,85.49,0.359058
2024-04-18 00:00:00+00:00,MNDY,3,187.1,0.33678
2024-04-19 00:00:00+00:00,BMO,1,85.18,0.051108
2024-04-23 00:00:00+00:00,BMO,-911,87.13,47.625257999999995
2024-04-24 00:00:00+00:00,MNDY,-418,186.92,46.879536
2024-04-30 00:00:00+00:00,BMO,925,84.43,46.858650000000004
2024-05-01 00:00:00+00:00,BMO,8,84.38,0.405024
2024-05-02 00:00:00+00:00,BMO,-2,85.06,0.10207200000000001
2024-05-06 00:00:00+00:00,BMO,-931,86.5,48.318900000000006
2024-05-13 00:00:00+00:00,MNDY,438,181.66,47.740248
2024-05-14 00:00:00+00:00,MNDY,1,181.45,0.10887
2024-05-16 00:00:00+00:00,MNDY,-439,222.84,58.696056
2024-05-30 00:00:00+00:00,BMO,1080,82.68,53.576640000000005
2024-05-31 00:00:00+00:00,BMO,-8,82.99,0.398352
2024-05-31 00:00:00+00:00,MNDY,395,226.55,53.692350000000005
2024-06-03 00:00:00+00:00,BMO,-11,83.52,0.5512319999999999
2024-06-04 00:00:00+00:00,BMO,-22,83.4,1.10088
2024-06-04 00:00:00+00:00,MNDY,8,217.05,1.04184
2024-06-05 00:00:00+00:00,BMO,-1039,82.76,51.592584
2024-06-05 00:00:00+00:00,MNDY,-1,217.0,0.1302
2024-06-07 00:00:00+00:00,MNDY,-402,222.87,53.75624400000001
2024-06-10 00:00:00+00:00,BMO,1096,79.55,52.31208
2024-06-11 00:00:00+00:00,BMO,7,79.23,0.332766
2024-06-12 00:00:00+00:00,BMO,7,80.09,0.33637799999999995
2024-06-14 00:00:00+00:00,BMO,-1110,79.06,52.653960000000005
2024-07-01 00:00:00+00:00,BMO,1107,79.3,52.67106
2024-07-02 00:00:00+00:00,BMO,2,78.46,0.094152
2024-07-03 00:00:00+00:00,BMO,-1109,79.94,53.192076
2024-07-22 00:00:00+00:00,MNDY,384,231.5,53.3376
2024-07-23 00:00:00+00:00,MNDY,-384,233.3,53.752320000000005
2024-07-31 00:00:00+00:00,BMO,1119,79.56,53.416584
2024-08-02 00:00:00+00:00,BMO,-7,77.9,0.3271800000000001
2024-08-02 00:00:00+00:00,MNDY,404,208.65,50.57676
2024-08-05 00:00:00+00:00,MNDY,17,189.0,1.9278
2024-08-06 00:00:00+00:00,BMO,9,75.68,0.4086720000000001
2024-08-06 00:00:00+00:00,MNDY,-3,207.4,0.37332000000000004
2024-08-07 00:00:00+00:00,BMO,5,78.59,0.23577000000000004
2024-08-07 00:00:00+00:00,MNDY,-1,212.77,0.127662
2024-08-08 00:00:00+00:00,BMO,1,76.99,0.046194
2024-08-08 00:00:00+00:00,MNDY,-1,211.18,0.12670800000000002
2024-08-09 00:00:00+00:00,BMO,-1127,77.67,52.520453999999994
2024-08-09 00:00:00+00:00,MNDY,-416,215.14,53.698944
2024-08-28 00:00:00+00:00,BMO,1113,79.16,52.863048
2024-08-29 00:00:00+00:00,BMO,12,78.57,0.565704
2024-08-30 00:00:00+00:00,BMO,-8,79.03,0.379344
2024-09-03 00:00:00+00:00,BMO,-4,79.03,0.189672
2024-09-05 00:00:00+00:00,BMO,-1113,79.58,53.14352399999999
2024-09-09 00:00:00+00:00,MNDY,368,242.11,53.45788800000001
2024-09-12 00:00:00+00:00,MNDY,-368,251.97,55.63497600000001
2024-10-02 00:00:00+00:00,MNDY,336,267.99,54.026784
2024-10-03 00:00:00+00:00,MNDY,-336,270.22,54.476352000000006
2024-10-10 00:00:00+00:00,BMO,1060,85.22,54.199920000000006
2024-10-14 00:00:00+00:00,BMO,-1060,88.67,56.39412
2024-11-04 00:00:00+00:00,BMO,1057,87.59,55.549578000000004
2024-11-05 00:00:00+00:00,BMO,4,87.19,0.209256
2024-11-07 00:00:00+00:00,BMO,-1061,90.32,57.49771199999999
2024-11-12 00:00:00+00:00,MNDY,341,275.0,56.265
2024-11-13 00:00:00+00:00,MNDY,10,261.5,1.5690000000000002
2024-11-14 00:00:00+00:00,MNDY,-6,270.0,0.9720000000000001
2024-11-19 00:00:00+00:00,MNDY,-345,253.5,52.4745
2024-12-03 00:00:00+00:00,MNDY,328,274.87,54.094415999999995
2024-12-05 00:00:00+00:00,MNDY,-328,295.99,58.250832
2024-12-11 00:00:00+00:00,MNDY,339,284.51,57.869334
2024-12-13 00:00:00+00:00,BMO,973,95.98,56.033124
2024-12-13 00:00:00+00:00,MNDY,-9,277.84,1.5003360000000001
2024-12-16 00:00:00+00:00,MNDY,5,273.255,0.8197650000000001
2024-12-17 00:00:00+00:00,MNDY,-335,272.5,54.77250000000001
2024-12-18 00:00:00+00:00,BMO,-13,94.77,0.739206
2024-12-18 00:00:00+00:00,MNDY,361,250.38,54.232308
2024-12-19 00:00:00+00:00,BMO,-24,93.77,1.350288
2024-12-19 00:00:00+00:00,MNDY,11,234.71,1.549086
2024-12-20 00:00:00+00:00,MNDY,8,217.67,1.044816
2024-12-23 00:00:00+00:00,MNDY,-14,244.0,2.0496
2024-12-24 00:00:00+00:00,MNDY,10,232.33,1.39398
2024-12-26 00:00:00+00:00,BMO,-936,93.37,52.436592000000005
2024-12-26 00:00:00+00:00,MNDY,-376,232.55,52.46328
