datetime,equity,cash,positions_value,gross_exposure,net_exposure,num_positions,daily_return
2022-01-03 00:00:00+00:00,100000.0,100000.0,0.0,0.0,0.0,0,0.0
2022-01-04 00:00:00+00:00,100000.0,100000.0,0.0,0.0,0.0,0,0.0
2022-01-05 00:00:00+00:00,100000.0,100000.0,0.0,0.0,0.0,0,0.0
2022-01-06 00:00:00+00:00,100931.90449,49894.10449,51037.8,51037.8,51037.8,1,0.009319044900000018
2022-01-07 00:00:00+00:00,99262.10449,49894.10449,49368.0,49368.0,49368.0,1,-0.01654382733029125
2022-01-10 00:00:00+00:00,99542.39530999999,49628.64531,49913.74999999999,49913.75,49913.74999999999,1,0.0028237444837595493
2022-01-11 00:00:00+00:00,100288.1135,49764.9135,50523.200000000004,50523.200000000004,50523.200000000004,1,0.007491463186892977
2022-01-12 00:00:00+00:00,100712.52658,100712.52658,0.0,0.0,0.0,0,0.004231938015266445
2022-01-13 00:00:00+00:00,100712.52658,100712.52658,0.0,0.0,0.0,0,0.0
2022-01-14 00:00:00+00:00,100712.52658,100712.52658,0.0,0.0,0.0,0,0.0
2022-01-18 00:00:00+00:00,100712.52658,100712.52658,0.0,0.0,0.0,0,0.0
2022-01-19 00:00:00+00:00,100712.52658,100712.52658,0.0,0.0,0.0,0,0.0
2022-01-20 00:00:00+00:00,100712.52658,100712.52658,0.0,0.0,0.0,0,0.0
2022-01-21 00:00:00+00:00,100712.52658,100712.52658,0.0,0.0,0.0,0,0.0
2022-01-24 00:00:00+00:00,100712.52658,100712.52658,0.0,0.0,0.0,0,0.0
2022-01-25 00:00:00+00:00,100712.52658,100712.52658,0.0,0.0,0.0,0,0.0
2022-01-26 00:00:00+00:00,98142.97904,-2695.3809599999877,100838.35999999999,100838.36,100838.35999999999,2,-0.025513683622651495
2022-01-27 00:00:00+00:00,96548.46530800001,59.18530800001241,96489.28,96489.28,96489.28,2,-0.016246844630119828
2022-01-28 00:00:00+00:00,98956.96477400001,-18.3652259999875,98975.33,98975.33,98975.33,2,0.024946015022782708
2022-01-31 00:00:00+00:00,102991.51577400001,-783.8242259999874,103775.34,103775.34,103775.34,2,0.04077076342442587
2022-02-01 00:00:00+00:00,104437.165278,104437.165278,0.0,0.0,0.0,0,0.014036588287255292
2022-02-02 00:00:00+00:00,104437.165278,104437.165278,0.0,0.0,0.0,0,0.0
2022-02-03 00:00:00+00:00,104437.165278,104437.165278,0.0,0.0,0.0,0,0.0
2022-02-04 00:00:00+00:00,104437.165278,104437.165278,0.0,0.0,0.0,0,0.0
2022-02-07 00:00:00+00:00,104437.165278,104437.165278,0.0,0.0,0.0,0,0.0
2022-02-08 00:00:00+00:00,104437.165278,104437.165278,0.0,0.0,0.0,0,0.0
2022-02-09 00:00:00+00:00,105507.067758,51576.267758,53930.8,53930.8,53930.8,1,0.010244461127913995
2022-02-10 00:00:00+00:00,105026.17855800001,105026.17855800001,0.0,0.0,0.0,0,-0.004557886122880439
2022-02-11 00:00:00+00:00,105026.17855800001,105026.17855800001,0.0,0.0,0.0,0,0.0
2022-02-14 00:00:00+00:00,105026.17855800001,105026.17855800001,0.0,0.0,0.0,0,0.0
2022-02-15 00:00:00+00:00,105026.17855800001,105026.17855800001,0.0,0.0,0.0,0,0.0
2022-02-16 00:00:00+00:00,104807.663184,52652.48318400001,52155.17999999999,52155.18,52155.17999999999,1,-0.0020805800706090727
2022-02-17 00:00:00+00:00,102386.67845400001,52427.79845400001,49958.88,49958.88,49958.88,1,-0.02309931026464851
2022-02-18 00:00:00+00:00,101737.45650200002,51207.14650200001,50530.310000000005,50530.310000000005,50530.310000000005,1,-0.006340883030907851
2022-02-22 00:00:00+00:00,101432.056022,50856.13602200001,50575.91999999999,50575.92,50575.91999999999,1,-0.0030018489797216663
2022-02-23 00:00:00+00:00,97193.64751000001,-922.4324899999914,98116.08,98116.08,98116.08,2,-0.041785690621125804
2022-02-24 00:00:00+00:00,101702.03343600001,-42.06656399999133,101744.1,101744.1,101744.1,2,0.04638560277857806
2022-02-25 00:00:00+00:00,102457.829016,50018.57901600001,52439.24999999999,52439.25,52439.24999999999,1,0.007431469700904358
2022-02-28 00:00:00+00:00,102078.57426600001,102078.57426600001,0.0,0.0,0.0,0,-0.0037015692567599068
2022-03-01 00:00:00+00:00,102078.57426600001,102078.57426600001,0.0,0.0,0.0,0,0.0
2022-03-02 00:00:00+00:00,102078.57426600001,102078.57426600001,0.0,0.0,0.0,0,0.0
2022-03-03 00:00:00+00:00,102078.57426600001,102078.57426600001,0.0,0.0,0.0,0,0.0
2022-03-04 00:00:00+00:00,102078.57426600001,102078.57426600001,0.0,0.0,0.0,0,0.0
2022-03-07 00:00:00+00:00,102078.57426600001,102078.57426600001,0.0,0.0,0.0,0,0.0
2022-03-08 00:00:00+00:00,102550.95927600001,51106.35927600001,51444.6,51444.6,51444.6,1,0.004627660734847661
2022-03-09 00:00:00+00:00,106907.31566,-1156.9543399999893,108064.26999999999,108064.26999999999,108064.26999999999,2,0.04247991842061194
2022-03-10 00:00:00+00:00,106454.58566000001,-1156.9543399999893,107611.54000000001,107611.54000000001,107611.54000000001,2,-0.004234789707374231
2022-03-11 00:00:00+00:00,107285.60106400002,107285.60106400002,0.0,0.0,0.0,0,0.0078062903429463315
2022-03-14 00:00:00+00:00,107285.60106400002,107285.60106400002,0.0,0.0,0.0,0,0.0
2022-03-15 00:00:00+00:00,107285.60106400002,107285.60106400002,0.0,0.0,0.0,0,0.0
2022-03-16 00:00:00+00:00,107285.60106400002,107285.60106400002,0.0,0.0,0.0,0,0.0
2022-03-17 00:00:00+00:00,107285.60106400002,107285.60106400002,0.0,0.0,0.0,0,0.0
2022-03-18 00:00:00+00:00,107285.60106400002,107285.60106400002,0.0,0.0,0.0,0,0.0
2022-03-21 00:00:00+00:00,107285.60106400002,107285.60106400002,0.0,0.0,0.0,0,0.0
2022-03-22 00:00:00+00:00,107285.60106400002,107285.60106400002,0.0,0.0,0.0,0,0.0
2022-03-23 00:00:00+00:00,107285.60106400002,107285.60106400002,0.0,0.0,0.0,0,0.0
2022-03-24 00:00:00+00:00,107285.60106400002,107285.60106400002,0.0,0.0,0.0,0,0.0
2022-03-25 00:00:00+00:00,107285.60106400002,107285.60106400002,0.0,0.0,0.0,0,0.0
2022-03-28 00:00:00+00:00,107285.60106400002,107285.60106400002,0.0,0.0,0.0,0,0.0
2022-03-29 00:00:00+00:00,107285.60106400002,107285.60106400002,0.0,0.0,0.0,0,0.0
2022-03-30 00:00:00+00:00,107285.60106400002,107285.60106400002,0.0,0.0,0.0,0,0.0
2022-03-31 00:00:00+00:00,107285.60106400002,107285.60106400002,0.0,0.0,0.0,0,0.0
2022-04-01 00:00:00+00:00,107285.60106400002,107285.60106400002,0.0,0.0,0.0,0,0.0
2022-04-04 00:00:00+00:00,107285.60106400002,107285.60106400002,0.0,0.0,0.0,0,0.0
2022-04-05 00:00:00+00:00,107285.60106400002,107285.60106400002,0.0,0.0,0.0,0,0.0
2022-04-06 00:00:00+00:00,107285.60106400002,107285.60106400002,0.0,0.0,0.0,0,0.0
2022-04-07 00:00:00+00:00,106746.90378400002,53524.56378400002,53222.340000000004,53222.340000000004,53222.340000000004,1,-0.005021151717075623
2022-04-08 00:00:00+00:00,104341.83781600001,53381.19781600002,50960.63999999999,50960.64,50960.63999999999,1,-0.022530545456068696
2022-04-11 00:00:00+00:00,101083.662992,191.26299200001085,100892.4,100892.4,100892.4,2,-0.031225967379888364
2022-04-12 00:00:00+00:00,99834.258776,-19.601223999989088,99853.85999999999,99853.85999999999,99853.85999999999,2,-0.012360100326982426
2022-04-13 00:00:00+00:00,101698.086676,32.776676000010866,101665.31,101665.31,101665.31,2,0.018669221596385066
2022-04-14 00:00:00+00:00,99361.51089800001,20.53089800001078,99340.98,99340.98,99340.98,2,-0.022975611974334398
2022-04-18 00:00:00+00:00,99816.17688200001,-953.4131179999893,100769.59,100769.59,100769.59,2,0.004575876311570415
2022-04-19 00:00:00+00:00,100476.895154,49769.01515400001,50707.87999999999,50707.88,50707.87999999999,1,0.006619350616694719
2022-04-20 00:00:00+00:00,100593.34225,100593.34225,0.0,0.0,0.0,0,0.001158944012168428
2022-04-21 00:00:00+00:00,100593.34225,100593.34225,0.0,0.0,0.0,0,0.0
2022-04-22 00:00:00+00:00,100593.34225,100593.34225,0.0,0.0,0.0,0,0.0
2022-04-25 00:00:00+00:00,102852.934894,721.1948940000075,102131.73999999999,102131.74,102131.73999999999,2,0.022462646070396497
2022-04-26 00:00:00+00:00,98333.77436600001,19.894366000007494,98313.88,98313.88,98313.88,2,-0.04393808045105796
2022-04-27 00:00:00+00:00,97509.995112,-24.344887999992693,97534.34,97534.34,97534.34,2,-0.008377378569176974
2022-04-28 00:00:00+00:00,102035.01576800001,-54.33423199999265,102089.35,102089.35,102089.35,2,0.046405711033033814
2022-04-29 00:00:00+00:00,100446.69894600002,100446.69894600002,0.0,0.0,0.0,0,-0.015566389734396613
2022-05-02 00:00:00+00:00,103122.28206,-408.58793999999034,103530.87,103530.87,103530.87,2,0.0266368446357641
2022-05-03 00:00:00+00:00,102600.199682,102600.199682,0.0,0.0,0.0,0,-0.005062750431533591
2022-05-04 00:00:00+00:00,102600.199682,102600.199682,0.0,0.0,0.0,0,0.0
2022-05-05 00:00:00+00:00,102600.199682,102600.199682,0.0,0.0,0.0,0,0.0
2022-05-06 00:00:00+00:00,102600.199682,102600.199682,0.0,0.0,0.0,0,0.0
2022-05-09 00:00:00+00:00,102600.199682,102600.199682,0.0,0.0,0.0,0,0.0
2022-05-10 00:00:00+00:00,102264.87260999999,49022.95261,53241.91999999999,53241.92,53241.91999999999,1,-0.0032682886879297213
2022-05-11 00:00:00+00:00,98507.13540400002,85.90540400000464,98421.23000000001,98421.23000000001,98421.23000000001,2,-0.0367451414165505
2022-05-12 00:00:00+00:00,96987.081134,-805.0788659999954,97792.15999999999,97792.15999999999,97792.15999999999,2,-0.015430905220885083
2022-05-13 00:00:00+00:00,101869.729118,-1408.8008819999955,103278.53,103278.53,103278.53,2,0.050343282083662455
2022-05-16 00:00:00+00:00,100867.78632400002,100867.78632400002,0.0,0.0,0.0,0,-0.009835530168529227
2022-05-17 00:00:00+00:00,101435.77543200001,49452.13543200001,51983.64,51983.64,51983.64,1,0.005631025808136014
2022-05-18 00:00:00+00:00,100624.31369200001,100624.31369200001,0.0,0.0,0.0,0,-0.007999758828126535
2022-05-19 00:00:00+00:00,100270.248244,50885.408244000006,49384.84,49384.84,49384.84,1,-0.0035186868363024093
2022-05-20 00:00:00+00:00,101444.0219,50107.70190000001,51336.32,51336.32,51336.32,1,0.011706101027532334
2022-05-23 00:00:00+00:00,102502.42190000002,50107.70190000001,52394.72000000001,52394.72,52394.72000000001,1,0.010433340281434722
2022-05-24 00:00:00+00:00,101741.9419,50107.70190000001,51634.24,51634.24,51634.24,1,-0.00741914177151759
2022-05-25 00:00:00+00:00,101601.267212,101601.267212,0.0,0.0,0.0,0,-0.001382661716229694
2022-05-26 00:00:00+00:00,101601.267212,101601.267212,0.0,0.0,0.0,0,0.0
2022-05-27 00:00:00+00:00,101601.267212,101601.267212,0.0,0.0,0.0,0,0.0
2022-05-31 00:00:00+00:00,101601.267212,101601.267212,0.0,0.0,0.0,0,0.0
2022-06-01 00:00:00+00:00,101601.267212,101601.267212,0.0,0.0,0.0,0,0.0
2022-06-02 00:00:00+00:00,101601.267212,101601.267212,0.0,0.0,0.0,0,0.0
2022-06-03 00:00:00+00:00,101601.267212,101601.267212,0.0,0.0,0.0,0,0.0
2022-06-06 00:00:00+00:00,101601.267212,101601.267212,0.0,0.0,0.0,0,0.0
2022-06-07 00:00:00+00:00,101601.267212,101601.267212,0.0,0.0,0.0,0,0.0
2022-06-08 00:00:00+00:00,101601.267212,101601.267212,0.0,0.0,0.0,0,0.0
2022-06-09 00:00:00+00:00,101601.267212,101601.267212,0.0,0.0,0.0,0,0.0
2022-06-10 00:00:00+00:00,100956.14080800001,51694.00080800001,49262.14,49262.14,49262.14,1,-0.006349590135070637
2022-06-13 00:00:00+00:00,97554.89228000001,2883.852280000009,94671.04000000001,94671.04000000001,94671.04000000001,2,-0.033690358018622635
2022-06-14 00:00:00+00:00,103140.79331000002,-82.87668999999119,103223.67000000001,103223.67000000001,103223.67000000001,2,0.05725905589611502
2022-06-15 00:00:00+00:00,105114.428136,51291.42813600001,53822.99999999999,53823.0,53822.99999999999,1,0.019135346574929102
2022-06-16 00:00:00+00:00,102132.67632800002,52510.37632800001,49622.3,49622.3,49622.3,1,-0.0283667224459625
2022-06-17 00:00:00+00:00,103045.92473200001,51056.84473200001,51989.08,51989.08,51989.08,1,0.008941784714101564
2022-06-21 00:00:00+00:00,104914.83054000002,104914.83054000002,0.0,0.0,0.0,0,0.018136629981832186
2022-06-22 00:00:00+00:00,104914.83054000002,104914.83054000002,0.0,0.0,0.0,0,0.0
2022-06-23 00:00:00+00:00,104914.83054000002,104914.83054000002,0.0,0.0,0.0,0,0.0
2022-06-24 00:00:00+00:00,104914.83054000002,104914.83054000002,0.0,0.0,0.0,0,0.0
2022-06-27 00:00:00+00:00,104914.83054000002,104914.83054000002,0.0,0.0,0.0,0,0.0
2022-06-28 00:00:00+00:00,104914.83054000002,104914.83054000002,0.0,0.0,0.0,0,0.0
2022-06-29 00:00:00+00:00,104914.83054000002,104914.83054000002,0.0,0.0,0.0,0,0.0
2022-06-30 00:00:00+00:00,104914.83054000002,104914.83054000002,0.0,0.0,0.0,0,0.0
2022-07-01 00:00:00+00:00,103567.19502000001,53324.69502000002,50242.49999999999,50242.5,50242.49999999999,1,-0.012845043098899223
2022-07-05 00:00:00+00:00,105174.63508000002,51823.895080000024,53350.74,53350.74,53350.74,1,0.01552074534498682
2022-07-06 00:00:00+00:00,105321.06750600002,105321.06750600002,0.0,0.0,0.0,0,0.0013922789072537967
2022-07-07 00:00:00+00:00,105321.06750600002,105321.06750600002,0.0,0.0,0.0,0,0.0
2022-07-08 00:00:00+00:00,105321.06750600002,105321.06750600002,0.0,0.0,0.0,0,0.0
2022-07-11 00:00:00+00:00,105321.06750600002,105321.06750600002,0.0,0.0,0.0,0,0.0
2022-07-12 00:00:00+00:00,105321.06750600002,105321.06750600002,0.0,0.0,0.0,0,0.0
2022-07-13 00:00:00+00:00,105321.06750600002,105321.06750600002,0.0,0.0,0.0,0,0.0
2022-07-14 00:00:00+00:00,105321.06750600002,105321.06750600002,0.0,0.0,0.0,0,0.0
2022-07-15 00:00:00+00:00,105321.06750600002,105321.06750600002,0.0,0.0,0.0,0,0.0
2022-07-18 00:00:00+00:00,105321.06750600002,105321.06750600002,0.0,0.0,0.0,0,0.0
2022-07-19 00:00:00+00:00,105321.06750600002,105321.06750600002,0.0,0.0,0.0,0,0.0
2022-07-20 00:00:00+00:00,105321.06750600002,105321.06750600002,0.0,0.0,0.0,0,0.0
2022-07-21 00:00:00+00:00,105321.06750600002,105321.06750600002,0.0,0.0,0.0,0,0.0
2022-07-22 00:00:00+00:00,105321.06750600002,105321.06750600002,0.0,0.0,0.0,0,0.0
2022-07-25 00:00:00+00:00,105321.06750600002,105321.06750600002,0.0,0.0,0.0,0,0.0
2022-07-26 00:00:00+00:00,105321.06750600002,105321.06750600002,0.0,0.0,0.0,0,0.0
2022-07-27 00:00:00+00:00,107681.01036600003,51026.61036600002,56654.40000000001,56654.4,56654.40000000001,1,0.022407130082170656
2022-07-28 00:00:00+00:00,108252.75406600002,108252.75406600002,0.0,0.0,0.0,0,0.005309605640369419
2022-07-29 00:00:00+00:00,108252.75406600002,108252.75406600002,0.0,0.0,0.0,0,0.0
2022-08-01 00:00:00+00:00,108252.75406600002,108252.75406600002,0.0,0.0,0.0,0,0.0
2022-08-02 00:00:00+00:00,108252.75406600002,108252.75406600002,0.0,0.0,0.0,0,0.0
2022-08-03 00:00:00+00:00,108252.75406600002,108252.75406600002,0.0,0.0,0.0,0,0.0
2022-08-04 00:00:00+00:00,108252.75406600002,108252.75406600002,0.0,0.0,0.0,0,0.0
2022-08-05 00:00:00+00:00,108252.75406600002,108252.75406600002,0.0,0.0,0.0,0,0.0
2022-08-08 00:00:00+00:00,108252.75406600002,108252.75406600002,0.0,0.0,0.0,0,0.0
2022-08-09 00:00:00+00:00,108252.75406600002,108252.75406600002,0.0,0.0,0.0,0,0.0
2022-08-10 00:00:00+00:00,109488.31392000002,52152.20392000002,57336.10999999999,57336.11,57336.10999999999,1,0.011413657459898863
2022-08-11 00:00:00+00:00,109006.25094000003,54738.950940000024,54267.3,54267.3,54267.3,1,-0.004402871527935059
2022-08-12 00:00:00+00:00,111346.35952600001,54503.119526000024,56843.23999999999,56843.24,56843.23999999999,1,0.0214676549814381
2022-08-15 00:00:00+00:00,111281.84184000004,111281.84184000004,0.0,0.0,0.0,0,-0.0005794323790614397
2022-08-16 00:00:00+00:00,111281.84184000004,111281.84184000004,0.0,0.0,0.0,0,0.0
2022-08-17 00:00:00+00:00,111281.84184000004,111281.84184000004,0.0,0.0,0.0,0,0.0
2022-08-18 00:00:00+00:00,111281.84184000004,111281.84184000004,0.0,0.0,0.0,0,0.0
2022-08-19 00:00:00+00:00,111281.84184000004,111281.84184000004,0.0,0.0,0.0,0,0.0
2022-08-22 00:00:00+00:00,109844.23576800004,56739.015768000034,53105.22000000001,53105.22000000001,53105.22000000001,1,-0.012918604223562058
2022-08-23 00:00:00+00:00,110380.06478400003,153.44478400003572,110226.62,110226.62,110226.62,2,0.004878080422278108
2022-08-24 00:00:00+00:00,110365.15278000005,-26.447219999964318,110391.6,110391.6,110391.6,2,-0.0001350968947986253
2022-08-25 00:00:00+00:00,113095.98405600004,-4.7759439999643405,113100.76000000001,113100.76000000001,113100.76000000001,2,0.02474360074002324
2022-08-26 00:00:00+00:00,111226.32792400003,56347.47792400003,54878.85,54878.85,54878.85,1,-0.016531587284958293
2022-08-29 00:00:00+00:00,110881.45174400002,55636.75174400003,55244.69999999999,55244.7,55244.69999999999,1,-0.00310067037577344
2022-08-30 00:00:00+00:00,109059.36503600003,-608.1549639999723,109667.52,109667.52,109667.52,2,-0.01643274577795728
2022-08-31 00:00:00+00:00,107764.88332400002,26.953324000027692,107737.93,107737.93,107737.93,2,-0.0118695144756501
2022-09-01 00:00:00+00:00,104524.25360600003,55.39360600002783,104468.86,104468.86,104468.86,2,-0.03007129612210402
2022-09-02 00:00:00+00:00,103690.78748200003,52523.767482000025,51167.020000000004,51167.020000000004,51167.020000000004,1,-0.007973901704591113
2022-09-06 00:00:00+00:00,102963.61618200003,51837.856182000025,51125.76,51125.759999999995,51125.76,1,-0.007012882413746091
2022-09-07 00:00:00+00:00,103956.34480200002,51485.34480200002,52471.0,52471.0,52471.0,1,0.009641547731241706
2022-09-08 00:00:00+00:00,104971.07449800003,51968.89449800002,53002.18000000001,53002.18,53002.18000000001,1,0.009761113647586583
2022-09-09 00:00:00+00:00,105583.86620200003,105583.86620200003,0.0,0.0,0.0,0,0.005837719647346029
2022-09-12 00:00:00+00:00,105583.86620200003,105583.86620200003,0.0,0.0,0.0,0,0.0
2022-09-13 00:00:00+00:00,105583.86620200003,105583.86620200003,0.0,0.0,0.0,0,0.0
2022-09-14 00:00:00+00:00,105583.86620200003,105583.86620200003,0.0,0.0,0.0,0,0.0
2022-09-15 00:00:00+00:00,104234.17145000002,813.1214500000351,103421.04999999999,103421.04999999999,103421.04999999999,2,-0.012783153341039966
2022-09-16 00:00:00+00:00,104286.88493000004,18.44493000003513,104268.44,104268.44,104268.44,2,0.0005057216771306994
2022-09-19 00:00:00+00:00,105214.14567400004,24.425674000035087,105189.72,105189.72,105189.72,2,0.008891441571223346
2022-09-20 00:00:00+00:00,103782.54786400002,51884.94786400003,51897.59999999999,51897.6,51897.59999999999,1,-0.013606514607225395
2022-09-21 00:00:00+00:00,102741.09786400004,51884.94786400003,50856.15000000001,50856.15,50856.15000000001,1,-0.010034924189418981
2022-09-22 00:00:00+00:00,102185.92032800004,51372.08032800003,50813.840000000004,50813.840000000004,50813.840000000004,1,-0.005403655864519741
2022-09-23 00:00:00+00:00,101050.50001600003,51121.41001600003,49929.090000000004,49929.09,49929.090000000004,1,-0.011111318549125837
2022-09-26 00:00:00+00:00,99064.70362000004,30.113620000030664,99034.59000000001,99034.59000000001,99034.59000000001,2,-0.01965152468998732
2022-09-27 00:00:00+00:00,99025.65742200003,-34.44257799996933,99060.1,99060.1,99060.1,2,-0.00039414843605434235
2022-09-28 00:00:00+00:00,100820.87349000003,-22.686509999969303,100843.56,100843.56,100843.56,2,0.018128797270687613
2022-09-29 00:00:00+00:00,98303.00877600003,49222.10877600002,49080.90000000001,49080.9,49080.90000000001,1,-0.024973645107823184
2022-09-30 00:00:00+00:00,98035.91355000003,49163.363550000024,48872.55,48872.55,48872.55,1,-0.0027170605388958657
2022-10-03 00:00:00+00:00,99651.41341000004,49046.393410000026,50605.02000000001,50605.020000000004,50605.02000000001,1,0.016478653602550297
2022-10-04 00:00:00+00:00,100198.23388000001,100198.23388000001,0.0,0.0,0.0,0,0.005487332806311196
2022-10-05 00:00:00+00:00,100198.23388000001,100198.23388000001,0.0,0.0,0.0,0,0.0
2022-10-06 00:00:00+00:00,100198.23388000001,100198.23388000001,0.0,0.0,0.0,0,0.0
2022-10-07 00:00:00+00:00,100198.23388000001,100198.23388000001,0.0,0.0,0.0,0,0.0
2022-10-10 00:00:00+00:00,100198.23388000001,100198.23388000001,0.0,0.0,0.0,0,0.0
2022-10-11 00:00:00+00:00,100675.44609000001,758.9560900000142,99916.48999999999,99916.48999999999,99916.48999999999,2,0.004762680852953061
2022-10-12 00:00:00+00:00,101431.899162,13.629162000014205,101418.26999999999,101418.26999999999,101418.26999999999,2,0.007513779192234615
2022-10-13 00:00:00+00:00,104642.004874,-677.2651259999859,105319.26999999999,105319.26999999999,105319.26999999999,2,0.03164789123067724
2022-10-14 00:00:00+00:00,105394.08385600001,105394.08385600001,0.0,0.0,0.0,0,0.007187161435845857
2022-10-17 00:00:00+00:00,105394.08385600001,105394.08385600001,0.0,0.0,0.0,0,0.0
2022-10-18 00:00:00+00:00,105394.08385600001,105394.08385600001,0.0,0.0,0.0,0,0.0
2022-10-19 00:00:00+00:00,105394.08385600001,105394.08385600001,0.0,0.0,0.0,0,0.0
2022-10-20 00:00:00+00:00,105394.08385600001,105394.08385600001,0.0,0.0,0.0,0,0.0
2022-10-21 00:00:00+00:00,105394.08385600001,105394.08385600001,0.0,0.0,0.0,0,0.0
2022-10-24 00:00:00+00:00,105394.08385600001,105394.08385600001,0.0,0.0,0.0,0,0.0
2022-10-25 00:00:00+00:00,105394.08385600001,105394.08385600001,0.0,0.0,0.0,0,0.0
2022-10-26 00:00:00+00:00,105394.08385600001,105394.08385600001,0.0,0.0,0.0,0,0.0
2022-10-27 00:00:00+00:00,105394.08385600001,105394.08385600001,0.0,0.0,0.0,0,0.0
2022-10-28 00:00:00+00:00,105394.08385600001,105394.08385600001,0.0,0.0,0.0,0,0.0
2022-10-31 00:00:00+00:00,105394.08385600001,105394.08385600001,0.0,0.0,0.0,0,0.0
2022-11-01 00:00:00+00:00,105394.08385600001,105394.08385600001,0.0,0.0,0.0,0,0.0
2022-11-02 00:00:00+00:00,105394.08385600001,105394.08385600001,0.0,0.0,0.0,0,0.0
2022-11-03 00:00:00+00:00,105394.08385600001,105394.08385600001,0.0,0.0,0.0,0,0.0
2022-11-04 00:00:00+00:00,105394.08385600001,105394.08385600001,0.0,0.0,0.0,0,0.0
2022-11-07 00:00:00+00:00,105394.08385600001,105394.08385600001,0.0,0.0,0.0,0,0.0
2022-11-08 00:00:00+00:00,105394.08385600001,105394.08385600001,0.0,0.0,0.0,0,0.0
2022-11-09 00:00:00+00:00,105394.08385600001,105394.08385600001,0.0,0.0,0.0,0,0.0
2022-11-10 00:00:00+00:00,105394.08385600001,105394.08385600001,0.0,0.0,0.0,0,0.0
2022-11-11 00:00:00+00:00,105394.08385600001,105394.08385600001,0.0,0.0,0.0,0,0.0
2022-11-14 00:00:00+00:00,105394.08385600001,105394.08385600001,0.0,0.0,0.0,0,0.0
2022-11-15 00:00:00+00:00,105394.08385600001,105394.08385600001,0.0,0.0,0.0,0,0.0
2022-11-16 00:00:00+00:00,105394.08385600001,105394.08385600001,0.0,0.0,0.0,0,0.0
2022-11-17 00:00:00+00:00,105394.08385600001,105394.08385600001,0.0,0.0,0.0,0,0.0
2022-11-18 00:00:00+00:00,105394.08385600001,105394.08385600001,0.0,0.0,0.0,0,0.0
2022-11-21 00:00:00+00:00,105394.08385600001,105394.08385600001,0.0,0.0,0.0,0,0.0
2022-11-22 00:00:00+00:00,107807.68727200001,52634.80727200001,55172.88,55172.88,55172.88,1,0.022900748578048358
2022-11-23 00:00:00+00:00,107981.09956,107981.09956,0.0,0.0,0.0,0,0.001608533606350937
2022-11-25 00:00:00+00:00,107981.09956,107981.09956,0.0,0.0,0.0,0,0.0
2022-11-28 00:00:00+00:00,107981.09956,107981.09956,0.0,0.0,0.0,0,0.0
2022-11-29 00:00:00+00:00,107981.09956,107981.09956,0.0,0.0,0.0,0,0.0
2022-11-30 00:00:00+00:00,107981.09956,107981.09956,0.0,0.0,0.0,0,0.0
2022-12-01 00:00:00+00:00,107981.09956,107981.09956,0.0,0.0,0.0,0,0.0
2022-12-02 00:00:00+00:00,107981.09956,107981.09956,0.0,0.0,0.0,0,0.0
2022-12-05 00:00:00+00:00,107981.09956,107981.09956,0.0,0.0,0.0,0,0.0
2022-12-06 00:00:00+00:00,107981.09956,107981.09956,0.0,0.0,0.0,0,0.0
2022-12-07 00:00:00+00:00,108026.91728,54145.01728,53881.899999999994,53881.9,53881.899999999994,1,0.0004243124045475444
2022-12-08 00:00:00+00:00,108909.025804,53992.465804,54916.560000000005,54916.56,54916.560000000005,1,0.00816563636370038
2022-12-09 00:00:00+00:00,108765.149576,54452.569576,54312.579999999994,54312.58,54312.579999999994,1,-0.0013210679917285972
2022-12-12 00:00:00+00:00,109035.95988,109035.95988,0.0,0.0,0.0,0,0.0024898628380110033
2022-12-13 00:00:00+00:00,109035.95988,109035.95988,0.0,0.0,0.0,0,0.0
2022-12-14 00:00:00+00:00,109035.95988,109035.95988,0.0,0.0,0.0,0,0.0
2022-12-15 00:00:00+00:00,109035.95988,109035.95988,0.0,0.0,0.0,0,0.0
2022-12-16 00:00:00+00:00,109035.95988,109035.95988,0.0,0.0,0.0,0,0.0
2022-12-19 00:00:00+00:00,107949.150696,54454.59069599999,53494.560000000005,53494.56,53494.560000000005,1,-0.009967438129550032
2022-12-20 00:00:00+00:00,107389.481796,53972.80179599999,53416.68,53416.68,53416.68,1,-0.005184560474923106
2022-12-21 00:00:00+00:00,108758.61757599999,53698.93757599999,55059.68,55059.68,55059.68,1,0.01274925399678195
2022-12-22 00:00:00+00:00,104883.05757599999,53698.93757599999,51184.12,51184.12,51184.12,1,-0.03563450958073988
2022-12-23 00:00:00+00:00,104448.80071999998,52453.43071999999,51995.369999999995,51995.369999999995,51995.369999999995,1,-0.004140390889017853
2022-12-27 00:00:00+00:00,100737.57517999999,52227.39517999999,48510.17999999999,48510.18,48510.17999999999,1,-0.035531528504083365
2022-12-28 00:00:00+00:00,100441.573508,50390.17350799999,50051.40000000001,50051.4,50051.40000000001,1,-0.002938344222313094
2022-12-29 00:00:00+00:00,102478.76989999998,50217.389899999995,52261.37999999999,52261.38,52261.37999999999,1,0.020282402205076266
2022-12-30 00:00:00+00:00,102514.58989999999,50217.389899999995,52297.2,52297.2,52297.2,1,0.00034953581151442314
2023-01-03 00:00:00+00:00,101439.9899,50217.389899999995,51222.600000000006,51222.600000000006,51222.600000000006,1,-0.01048241036761921
2023-01-04 00:00:00+00:00,102304.21904,102304.21904,0.0,0.0,0.0,0,0.00851960987823408
2023-01-05 00:00:00+00:00,102304.21904,102304.21904,0.0,0.0,0.0,0,0.0
2023-01-06 00:00:00+00:00,102304.21904,102304.21904,0.0,0.0,0.0,0,0.0
2023-01-09 00:00:00+00:00,102304.21904,102304.21904,0.0,0.0,0.0,0,0.0
2023-01-10 00:00:00+00:00,102304.21904,102304.21904,0.0,0.0,0.0,0,0.0
2023-01-11 00:00:00+00:00,102304.21904,102304.21904,0.0,0.0,0.0,0,0.0
2023-01-12 00:00:00+00:00,102304.21904,102304.21904,0.0,0.0,0.0,0,0.0
2023-01-13 00:00:00+00:00,102304.21904,102304.21904,0.0,0.0,0.0,0,0.0
2023-01-17 00:00:00+00:00,102304.21904,102304.21904,0.0,0.0,0.0,0,0.0
2023-01-18 00:00:00+00:00,102304.21904,102304.21904,0.0,0.0,0.0,0,0.0
2023-01-19 00:00:00+00:00,102304.21904,102304.21904,0.0,0.0,0.0,0,0.0
2023-01-20 00:00:00+00:00,102304.21904,102304.21904,0.0,0.0,0.0,0,0.0
2023-01-23 00:00:00+00:00,102304.21904,102304.21904,0.0,0.0,0.0,0,0.0
2023-01-24 00:00:00+00:00,102304.21904,102304.21904,0.0,0.0,0.0,0,0.0
2023-01-25 00:00:00+00:00,102304.21904,102304.21904,0.0,0.0,0.0,0,0.0
2023-01-26 00:00:00+00:00,102304.21904,102304.21904,0.0,0.0,0.0,0,0.0
2023-01-27 00:00:00+00:00,102304.21904,102304.21904,0.0,0.0,0.0,0,0.0
2023-01-30 00:00:00+00:00,102304.21904,102304.21904,0.0,0.0,0.0,0,0.0
2023-01-31 00:00:00+00:00,102304.21904,102304.21904,0.0,0.0,0.0,0,0.0
2023-02-01 00:00:00+00:00,102304.21904,102304.21904,0.0,0.0,0.0,0,0.0
2023-02-02 00:00:00+00:00,102304.21904,102304.21904,0.0,0.0,0.0,0,0.0
2023-02-03 00:00:00+00:00,102304.21904,102304.21904,0.0,0.0,0.0,0,0.0
2023-02-06 00:00:00+00:00,102304.21904,102304.21904,0.0,0.0,0.0,0,0.0
2023-02-07 00:00:00+00:00,102304.21904,102304.21904,0.0,0.0,0.0,0,0.0
2023-02-08 00:00:00+00:00,102135.11974999998,51591.65974999999,50543.45999999999,50543.46,50543.45999999999,1,-0.001652906317909486
2023-02-09 00:00:00+00:00,102107.87645,51085.85644999999,51022.020000000004,51022.020000000004,51022.020000000004,1,-0.00026673782795449963
2023-02-10 00:00:00+00:00,102394.10644999999,51085.85644999999,51308.25,51308.25,51308.25,1,0.0028032117594782857
2023-02-13 00:00:00+00:00,103739.99644999999,51085.85644999999,52654.14,52654.14,52654.14,1,0.013144213535934313
2023-02-14 00:00:00+00:00,103458.86377999999,103458.86377999999,0.0,0.0,0.0,0,-0.0027099737769463728
2023-02-15 00:00:00+00:00,103458.86377999999,103458.86377999999,0.0,0.0,0.0,0,0.0
2023-02-16 00:00:00+00:00,103458.86377999999,103458.86377999999,0.0,0.0,0.0,0,0.0
2023-02-17 00:00:00+00:00,103458.86377999999,103458.86377999999,0.0,0.0,0.0,0,0.0
2023-02-21 00:00:00+00:00,103096.98903799997,52003.43903799998,51093.54999999999,51093.549999999996,51093.54999999999,1,-0.003497764510245527
2023-02-22 00:00:00+00:00,103231.35502199997,-151.19497800002188,103382.55,103382.55,103382.55,2,0.0013032968785391397
2023-02-23 00:00:00+00:00,111854.75855399999,59.458553999978164,111795.3,111795.3,111795.3,2,0.08353473157610147
2023-02-24 00:00:00+00:00,109933.05481799998,109933.05481799998,0.0,0.0,0.0,0,-0.01718034852377126
2023-02-27 00:00:00+00:00,109933.05481799998,109933.05481799998,0.0,0.0,0.0,0,0.0
2023-02-28 00:00:00+00:00,109933.05481799998,109933.05481799998,0.0,0.0,0.0,0,0.0
2023-03-01 00:00:00+00:00,109933.05481799998,109933.05481799998,0.0,0.0,0.0,0,0.0
2023-03-02 00:00:00+00:00,110479.24350999999,55148.023509999985,55331.22,55331.22,55331.22,1,0.004968375461814167
2023-03-03 00:00:00+00:00,111931.50285199998,55232.402851999985,56699.09999999999,56699.1,56699.09999999999,1,0.013145087673129607
2023-03-06 00:00:00+00:00,111995.97426199999,111995.97426199999,0.0,0.0,0.0,0,0.0005759898541277675
2023-03-07 00:00:00+00:00,111995.97426199999,111995.97426199999,0.0,0.0,0.0,0,0.0
2023-03-08 00:00:00+00:00,111995.97426199999,111995.97426199999,0.0,0.0,0.0,0,0.0
2023-03-09 00:00:00+00:00,111995.97426199999,111995.97426199999,0.0,0.0,0.0,0,0.0
2023-03-10 00:00:00+00:00,111743.199938,57522.76993799999,54220.430000000015,54220.43000000001,54220.430000000015,1,-0.0022569947327628626
2023-03-13 00:00:00+00:00,112327.04321799999,55910.60321799999,56416.44,56416.44,56416.44,1,0.005224866303488174
2023-03-14 00:00:00+00:00,112083.56365599998,56159.72365599999,55923.84,55923.840000000004,55923.84,1,-0.0021675952203911164
2023-03-15 00:00:00+00:00,111036.89545799998,56079.34545799999,54957.549999999996,54957.55,54957.549999999996,1,-0.00933828443581941
2023-03-16 00:00:00+00:00,112268.738744,55517.81874399999,56750.92000000001,56750.920000000006,56750.92000000001,1,0.011093999709906877
2023-03-17 00:00:00+00:00,112359.17345599999,112359.17345599999,0.0,0.0,0.0,0,0.0008055199783281175
2023-03-20 00:00:00+00:00,112359.17345599999,112359.17345599999,0.0,0.0,0.0,0,0.0
2023-03-21 00:00:00+00:00,112359.17345599999,112359.17345599999,0.0,0.0,0.0,0,0.0
2023-03-22 00:00:00+00:00,112359.17345599999,112359.17345599999,0.0,0.0,0.0,0,0.0
2023-03-23 00:00:00+00:00,112359.17345599999,112359.17345599999,0.0,0.0,0.0,0,0.0
2023-03-24 00:00:00+00:00,112359.17345599999,112359.17345599999,0.0,0.0,0.0,0,0.0
2023-03-27 00:00:00+00:00,112359.17345599999,112359.17345599999,0.0,0.0,0.0,0,0.0
2023-03-28 00:00:00+00:00,112359.17345599999,112359.17345599999,0.0,0.0,0.0,0,0.0
2023-03-29 00:00:00+00:00,112359.17345599999,112359.17345599999,0.0,0.0,0.0,0,0.0
2023-03-30 00:00:00+00:00,112359.17345599999,112359.17345599999,0.0,0.0,0.0,0,0.0
2023-03-31 00:00:00+00:00,112359.17345599999,112359.17345599999,0.0,0.0,0.0,0,0.0
2023-04-03 00:00:00+00:00,112359.17345599999,112359.17345599999,0.0,0.0,0.0,0,0.0
2023-04-04 00:00:00+00:00,112359.17345599999,112359.17345599999,0.0,0.0,0.0,0,0.0
2023-04-05 00:00:00+00:00,112359.17345599999,112359.17345599999,0.0,0.0,0.0,0,0.0
2023-04-06 00:00:00+00:00,112359.17345599999,112359.17345599999,0.0,0.0,0.0,0,0.0
2023-04-10 00:00:00+00:00,112359.17345599999,112359.17345599999,0.0,0.0,0.0,0,0.0
2023-04-11 00:00:00+00:00,112359.17345599999,112359.17345599999,0.0,0.0,0.0,0,0.0
2023-04-12 00:00:00+00:00,112359.17345599999,112359.17345599999,0.0,0.0,0.0,0,0.0
2023-04-13 00:00:00+00:00,112359.17345599999,112359.17345599999,0.0,0.0,0.0,0,0.0
2023-04-14 00:00:00+00:00,112359.17345599999,112359.17345599999,0.0,0.0,0.0,0,0.0
2023-04-17 00:00:00+00:00,113250.157132,56565.17713199999,56684.98,56684.98,56684.98,1,0.007929781330662022
2023-04-18 00:00:00+00:00,114329.008026,114329.008026,0.0,0.0,0.0,0,0.009526263992221562
2023-04-19 00:00:00+00:00,114329.008026,114329.008026,0.0,0.0,0.0,0,0.0
2023-04-20 00:00:00+00:00,114329.008026,114329.008026,0.0,0.0,0.0,0,0.0
2023-04-21 00:00:00+00:00,114329.008026,114329.008026,0.0,0.0,0.0,0,0.0
2023-04-24 00:00:00+00:00,114329.008026,114329.008026,0.0,0.0,0.0,0,0.0
2023-04-25 00:00:00+00:00,114329.008026,114329.008026,0.0,0.0,0.0,0,0.0
2023-04-26 00:00:00+00:00,114125.487318,-1541.652682,115667.14,115667.14,115667.14,2,-0.0017801318450494374
2023-04-27 00:00:00+00:00,115797.326598,58023.786598,57773.54,57773.54,57773.54,1,0.014649131576906838
2023-04-28 00:00:00+00:00,115293.444174,115293.444174,0.0,0.0,0.0,0,-0.00435141672785988
2023-05-01 00:00:00+00:00,115293.444174,115293.444174,0.0,0.0,0.0,0,0.0
2023-05-02 00:00:00+00:00,115293.444174,115293.444174,0.0,0.0,0.0,0,0.0
2023-05-03 00:00:00+00:00,115293.444174,115293.444174,0.0,0.0,0.0,0,0.0
2023-05-04 00:00:00+00:00,115293.444174,115293.444174,0.0,0.0,0.0,0,0.0
2023-05-05 00:00:00+00:00,115293.444174,115293.444174,0.0,0.0,0.0,0,0.0
2023-05-08 00:00:00+00:00,115293.444174,115293.444174,0.0,0.0,0.0,0,0.0
2023-05-09 00:00:00+00:00,115293.444174,115293.444174,0.0,0.0,0.0,0,0.0
2023-05-10 00:00:00+00:00,115293.444174,115293.444174,0.0,0.0,0.0,0,0.0
2023-05-11 00:00:00+00:00,115293.444174,115293.444174,0.0,0.0,0.0,0,0.0
2023-05-12 00:00:00+00:00,115293.444174,115293.444174,0.0,0.0,0.0,0,0.0
2023-05-15 00:00:00+00:00,115293.444174,115293.444174,0.0,0.0,0.0,0,0.0
2023-05-16 00:00:00+00:00,115293.444174,115293.444174,0.0,0.0,0.0,0,0.0
2023-05-17 00:00:00+00:00,115293.444174,115293.444174,0.0,0.0,0.0,0,0.0
2023-05-18 00:00:00+00:00,115293.444174,115293.444174,0.0,0.0,0.0,0,0.0
2023-05-19 00:00:00+00:00,115293.444174,115293.444174,0.0,0.0,0.0,0,0.0
2023-05-22 00:00:00+00:00,115293.444174,115293.444174,0.0,0.0,0.0,0,0.0
2023-05-23 00:00:00+00:00,115293.444174,115293.444174,0.0,0.0,0.0,0,0.0
2023-05-24 00:00:00+00:00,115293.444174,115293.444174,0.0,0.0,0.0,0,0.0
2023-05-25 00:00:00+00:00,117184.65324000001,-15669.976759999998,132854.63,132854.63,132854.63,2,0.016403439757995297
2023-05-26 00:00:00+00:00,116971.25072399998,116971.25072399998,0.0,0.0,0.0,0,-0.001821079041493312
2023-05-30 00:00:00+00:00,116971.25072399998,116971.25072399998,0.0,0.0,0.0,0,0.0
2023-05-31 00:00:00+00:00,116971.25072399998,116971.25072399998,0.0,0.0,0.0,0,0.0
2023-06-01 00:00:00+00:00,116971.25072399998,116971.25072399998,0.0,0.0,0.0,0,0.0
2023-06-02 00:00:00+00:00,116971.25072399998,116971.25072399998,0.0,0.0,0.0,0,0.0
2023-06-05 00:00:00+00:00,116971.25072399998,116971.25072399998,0.0,0.0,0.0,0,0.0
2023-06-06 00:00:00+00:00,116971.25072399998,116971.25072399998,0.0,0.0,0.0,0,0.0
2023-06-07 00:00:00+00:00,116971.25072399998,116971.25072399998,0.0,0.0,0.0,0,0.0
2023-06-08 00:00:00+00:00,116971.25072399998,116971.25072399998,0.0,0.0,0.0,0,0.0
2023-06-09 00:00:00+00:00,116971.25072399998,116971.25072399998,0.0,0.0,0.0,0,0.0
2023-06-12 00:00:00+00:00,116971.25072399998,116971.25072399998,0.0,0.0,0.0,0,0.0
2023-06-13 00:00:00+00:00,116971.25072399998,116971.25072399998,0.0,0.0,0.0,0,0.0
2023-06-14 00:00:00+00:00,116971.25072399998,116971.25072399998,0.0,0.0,0.0,0,0.0
2023-06-15 00:00:00+00:00,116971.25072399998,116971.25072399998,0.0,0.0,0.0,0,0.0
2023-06-16 00:00:00+00:00,116971.25072399998,116971.25072399998,0.0,0.0,0.0,0,0.0
2023-06-20 00:00:00+00:00,116971.25072399998,116971.25072399998,0.0,0.0,0.0,0,0.0
2023-06-21 00:00:00+00:00,116971.25072399998,116971.25072399998,0.0,0.0,0.0,0,0.0
2023-06-22 00:00:00+00:00,116971.25072399998,116971.25072399998,0.0,0.0,0.0,0,0.0
2023-06-23 00:00:00+00:00,116971.25072399998,116971.25072399998,0.0,0.0,0.0,0,0.0
2023-06-26 00:00:00+00:00,116971.25072399998,116971.25072399998,0.0,0.0,0.0,0,0.0
2023-06-27 00:00:00+00:00,116971.25072399998,116971.25072399998,0.0,0.0,0.0,0,0.0
2023-06-28 00:00:00+00:00,116971.25072399998,116971.25072399998,0.0,0.0,0.0,0,0.0
2023-06-29 00:00:00+00:00,115882.77240999998,57838.60240999998,58044.17,58044.17,58044.17,1,-0.00930552000823115
2023-06-30 00:00:00+00:00,117988.81240999998,57838.60240999998,60150.21000000001,60150.21000000001,60150.21000000001,1,0.01817388345308757
2023-07-03 00:00:00+00:00,118265.59444799999,118265.59444799999,0.0,0.0,0.0,0,0.0023458329001415645
2023-07-05 00:00:00+00:00,118265.59444799999,118265.59444799999,0.0,0.0,0.0,0,0.0
2023-07-06 00:00:00+00:00,118265.59444799999,118265.59444799999,0.0,0.0,0.0,0,0.0
2023-07-07 00:00:00+00:00,118265.59444799999,118265.59444799999,0.0,0.0,0.0,0,0.0
2023-07-10 00:00:00+00:00,118265.59444799999,118265.59444799999,0.0,0.0,0.0,0,0.0
2023-07-11 00:00:00+00:00,118265.59444799999,118265.59444799999,0.0,0.0,0.0,0,0.0
2023-07-12 00:00:00+00:00,118265.59444799999,118265.59444799999,0.0,0.0,0.0,0,0.0
2023-07-13 00:00:00+00:00,118265.59444799999,118265.59444799999,0.0,0.0,0.0,0,0.0
2023-07-14 00:00:00+00:00,118265.59444799999,118265.59444799999,0.0,0.0,0.0,0,0.0
2023-07-17 00:00:00+00:00,118265.59444799999,118265.59444799999,0.0,0.0,0.0,0,0.0
2023-07-18 00:00:00+00:00,118265.59444799999,118265.59444799999,0.0,0.0,0.0,0,0.0
2023-07-19 00:00:00+00:00,118265.59444799999,118265.59444799999,0.0,0.0,0.0,0,0.0
2023-07-20 00:00:00+00:00,118265.59444799999,118265.59444799999,0.0,0.0,0.0,0,0.0
2023-07-21 00:00:00+00:00,118822.02690399998,58750.66690399998,60071.36,60071.36,60071.36,1,0.004704939408600728
2023-07-24 00:00:00+00:00,118839.83446399999,-1272.72553600002,120112.56,120112.56,120112.56,2,0.00014986749901502172
2023-07-25 00:00:00+00:00,120205.68014199998,50.35014199997988,120155.33,120155.33,120155.33,2,0.011493163754058955
2023-07-26 00:00:00+00:00,118665.85014199998,50.35014199997988,118615.5,118615.5,118615.5,2,-0.01280996037941795
2023-07-27 00:00:00+00:00,121051.515856,121051.515856,0.0,0.0,0.0,0,0.020104062888735452
2023-07-28 00:00:00+00:00,121051.515856,121051.515856,0.0,0.0,0.0,0,0.0
2023-07-31 00:00:00+00:00,121051.515856,121051.515856,0.0,0.0,0.0,0,0.0
2023-08-01 00:00:00+00:00,121051.515856,121051.515856,0.0,0.0,0.0,0,0.0
2023-08-02 00:00:00+00:00,121051.515856,121051.515856,0.0,0.0,0.0,0,0.0
2023-08-03 00:00:00+00:00,121986.86943999998,61138.22943999999,60848.63999999999,60848.63999999999,60848.63999999999,1,0.007726905172444676
2023-08-04 00:00:00+00:00,122218.44853,61003.298529999985,61215.15000000001,61215.15,61215.15000000001,1,0.0018983935817282749
2023-08-07 00:00:00+00:00,123521.39114599998,-599.0688540000192,124120.45999999999,124120.45999999999,124120.45999999999,2,0.010660768743764315
2023-08-08 00:00:00+00:00,122028.84114599999,-599.0688540000192,122627.91,122627.91,122627.91,2,-0.012083332175524375
2023-08-09 00:00:00+00:00,121481.91857799998,121481.91857799998,0.0,0.0,0.0,0,-0.004481912332066185
2023-08-10 00:00:00+00:00,121774.46631599998,61242.02631599998,60532.439999999995,60532.44,60532.439999999995,1,0.002408158690810902
2023-08-11 00:00:00+00:00,119580.77605999997,60908.06605999998,58672.70999999999,58672.71,58672.70999999999,1,-0.01801436969805692
2023-08-14 00:00:00+00:00,125050.33138399999,-102.97861600001488,125153.31,125153.31,125153.31,2,0.04573941986507646
2023-08-15 00:00:00+00:00,125226.68214199998,60942.442141999985,64284.23999999999,64284.24,64284.23999999999,1,0.0014102382300646976
2023-08-16 00:00:00+00:00,126036.72212599998,126036.72212599998,0.0,0.0,0.0,0,0.006468589362460753
2023-08-17 00:00:00+00:00,126036.72212599998,126036.72212599998,0.0,0.0,0.0,0,0.0
2023-08-18 00:00:00+00:00,126036.72212599998,126036.72212599998,0.0,0.0,0.0,0,0.0
2023-08-21 00:00:00+00:00,126036.72212599998,126036.72212599998,0.0,0.0,0.0,0,0.0
2023-08-22 00:00:00+00:00,126036.72212599998,126036.72212599998,0.0,0.0,0.0,0,0.0
2023-08-23 00:00:00+00:00,126036.72212599998,126036.72212599998,0.0,0.0,0.0,0,0.0
2023-08-24 00:00:00+00:00,126036.72212599998,126036.72212599998,0.0,0.0,0.0,0,0.0
2023-08-25 00:00:00+00:00,127758.00724999998,62957.43724999998,64800.57,64800.57,64800.57,1,0.01365701277346143
2023-08-28 00:00:00+00:00,127890.92376799998,127890.92376799998,0.0,0.0,0.0,0,0.0010403772010931789
2023-08-29 00:00:00+00:00,127890.92376799998,127890.92376799998,0.0,0.0,0.0,0,0.0
2023-08-30 00:00:00+00:00,127890.92376799998,127890.92376799998,0.0,0.0,0.0,0,0.0
2023-08-31 00:00:00+00:00,127890.92376799998,127890.92376799998,0.0,0.0,0.0,0,0.0
2023-09-01 00:00:00+00:00,127890.92376799998,127890.92376799998,0.0,0.0,0.0,0,0.0
2023-09-05 00:00:00+00:00,127890.92376799998,127890.92376799998,0.0,0.0,0.0,0,0.0
2023-09-06 00:00:00+00:00,127890.92376799998,127890.92376799998,0.0,0.0,0.0,0,0.0
2023-09-07 00:00:00+00:00,127890.92376799998,127890.92376799998,0.0,0.0,0.0,0,0.0
2023-09-08 00:00:00+00:00,127340.72010399998,64313.360103999985,63027.35999999999,63027.36,63027.35999999999,1,-0.00430213222165865
2023-09-11 00:00:00+00:00,126786.99269599997,63667.29269599998,63119.69999999999,63119.7,63119.69999999999,1,-0.004348392309606597
2023-09-12 00:00:00+00:00,126354.23173999999,63398.87173999998,62955.36000000001,62955.36000000001,62955.36000000001,1,-0.003413291433117416
2023-09-13 00:00:00+00:00,129222.09666999998,652.7966699999815,128569.3,128569.3,128569.3,2,0.022697023206165623
2023-09-14 00:00:00+00:00,130396.84031599997,542.1403159999816,129854.7,129854.7,129854.7,2,0.009090888294437605
2023-09-15 00:00:00+00:00,130163.54819399997,64790.43819399998,65373.10999999999,65373.11,65373.10999999999,1,-0.0017890933663319286
2023-09-18 00:00:00+00:00,129195.03925799998,65121.79925799998,64073.24,64073.240000000005,64073.24,1,-0.007440707858981432
2023-09-19 00:00:00+00:00,129308.86389799998,129308.86389799998,0.0,0.0,0.0,0,0.000881029493498664
2023-09-20 00:00:00+00:00,127247.67074399997,64481.40074399998,62766.27,62766.270000000004,62766.27,1,-0.01594007627834315
2023-09-21 00:00:00+00:00,125421.63202399998,63649.70202399998,61771.93,61771.93,61771.93,1,-0.014350272262929398
2023-09-22 00:00:00+00:00,126310.87863399996,62693.47863399998,63617.39999999999,63617.399999999994,63617.39999999999,1,0.007090057716916176
2023-09-25 00:00:00+00:00,127252.16433799997,63150.36433799998,64101.799999999996,64101.8,64101.799999999996,1,0.007452134876897665
2023-09-26 00:00:00+00:00,126766.08433799999,63150.36433799998,63615.72000000001,63615.72,63615.72000000001,1,-0.0038198171522559887
2023-09-27 00:00:00+00:00,127098.05279799998,63895.25279799998,63202.799999999996,63202.799999999996,63202.799999999996,1,0.0026187482380133353
2023-09-28 00:00:00+00:00,128021.85279799998,63895.25279799998,64126.6,64126.600000000006,64126.6,1,0.007268404036592235
2023-09-29 00:00:00+00:00,127885.45279799998,63895.25279799998,63990.200000000004,63990.2,63990.200000000004,1,-0.001065443102242991
2023-10-02 00:00:00+00:00,128362.85279799998,63895.25279799998,64467.6,64467.600000000006,64467.6,1,0.003733028186982734
2023-10-03 00:00:00+00:00,128150.67639799998,128150.67639799998,0.0,0.0,0.0,0,-0.0016529423846156632
2023-10-04 00:00:00+00:00,128150.67639799998,128150.67639799998,0.0,0.0,0.0,0,0.0
2023-10-05 00:00:00+00:00,128150.67639799998,128150.67639799998,0.0,0.0,0.0,0,0.0
2023-10-06 00:00:00+00:00,128150.67639799998,128150.67639799998,0.0,0.0,0.0,0,0.0
2023-10-09 00:00:00+00:00,128150.67639799998,128150.67639799998,0.0,0.0,0.0,0,0.0
2023-10-10 00:00:00+00:00,128150.67639799998,128150.67639799998,0.0,0.0,0.0,0,0.0
2023-10-11 00:00:00+00:00,128150.67639799998,128150.67639799998,0.0,0.0,0.0,0,0.0
2023-10-12 00:00:00+00:00,128150.67639799998,128150.67639799998,0.0,0.0,0.0,0,0.0
2023-10-13 00:00:00+00:00,128150.67639799998,128150.67639799998,0.0,0.0,0.0,0,0.0
2023-10-16 00:00:00+00:00,128150.67639799998,128150.67639799998,0.0,0.0,0.0,0,0.0
2023-10-17 00:00:00+00:00,128150.67639799998,128150.67639799998,0.0,0.0,0.0,0,0.0
2023-10-18 00:00:00+00:00,127544.40937399998,66018.37937399998,61526.03,61526.030000000006,61526.03,1,-0.004730892111073248
2023-10-19 00:00:00+00:00,127359.51896999998,63749.67896999998,63609.84,63609.840000000004,63609.84,1,-0.0014496159016883503
2023-10-20 00:00:00+00:00,126284.94873799998,63665.90873799998,62619.04,62619.04,62619.04,1,-0.008437298135941629
2023-10-23 00:00:00+00:00,129678.39726199998,-174.83273800002644,129853.23000000001,129853.23000000001,129853.23000000001,2,0.02687136161444159
2023-10-24 00:00:00+00:00,130441.921286,-785.1587140000265,131227.08000000002,131227.08000000002,131227.08000000002,2,0.005887827426316772
2023-10-25 00:00:00+00:00,128874.83410799997,64798.09410799997,64076.74,64076.74,64076.74,1,-0.012013677524452593
2023-10-26 00:00:00+00:00,128223.55542799996,64400.05542799997,63823.49999999999,63823.5,63823.49999999999,1,-0.005053575312106484
2023-10-27 00:00:00+00:00,128594.05542799996,64400.05542799997,64193.99999999999,64194.0,64193.99999999999,1,0.0028894846876090785
2023-10-30 00:00:00+00:00,129088.63882399997,-883.4311760000346,129972.07,129972.07,129972.07,2,0.003846082887376756
2023-10-31 00:00:00+00:00,129589.23378399997,-75.51621600003455,129664.75,129664.75,129664.75,2,0.0038779164809579214
2023-11-01 00:00:00+00:00,132235.09488399996,65866.39488399996,66368.7,66368.7,66368.7,1,0.02041729102596701
2023-11-02 00:00:00+00:00,133763.33226399997,133763.33226399997,0.0,0.0,0.0,0,0.011556972688230971
2023-11-03 00:00:00+00:00,133763.33226399997,133763.33226399997,0.0,0.0,0.0,0,0.0
2023-11-06 00:00:00+00:00,133763.33226399997,133763.33226399997,0.0,0.0,0.0,0,0.0
2023-11-07 00:00:00+00:00,133763.33226399997,133763.33226399997,0.0,0.0,0.0,0,0.0
2023-11-08 00:00:00+00:00,133763.33226399997,133763.33226399997,0.0,0.0,0.0,0,0.0
2023-11-09 00:00:00+00:00,133763.33226399997,133763.33226399997,0.0,0.0,0.0,0,0.0
2023-11-10 00:00:00+00:00,133763.33226399997,133763.33226399997,0.0,0.0,0.0,0,0.0
2023-11-13 00:00:00+00:00,133763.33226399997,133763.33226399997,0.0,0.0,0.0,0,0.0
2023-11-14 00:00:00+00:00,133763.33226399997,133763.33226399997,0.0,0.0,0.0,0,0.0
2023-11-15 00:00:00+00:00,133763.33226399997,133763.33226399997,0.0,0.0,0.0,0,0.0
2023-11-16 00:00:00+00:00,133763.33226399997,133763.33226399997,0.0,0.0,0.0,0,0.0
2023-11-17 00:00:00+00:00,133763.33226399997,133763.33226399997,0.0,0.0,0.0,0,0.0
2023-11-20 00:00:00+00:00,133763.33226399997,133763.33226399997,0.0,0.0,0.0,0,0.0
2023-11-21 00:00:00+00:00,133763.33226399997,133763.33226399997,0.0,0.0,0.0,0,0.0
2023-11-22 00:00:00+00:00,133763.33226399997,133763.33226399997,0.0,0.0,0.0,0,0.0
2023-11-24 00:00:00+00:00,133763.33226399997,133763.33226399997,0.0,0.0,0.0,0,0.0
2023-11-27 00:00:00+00:00,134339.61680199997,66797.40680199997,67542.21,67542.21,67542.21,1,0.00430823999556651
2023-11-28 00:00:00+00:00,133754.32539399998,67182.85539399997,66571.47000000002,66571.47,66571.47000000002,1,-0.004356804209607379
2023-11-29 00:00:00+00:00,134198.47133399997,66892.58133399997,67305.89,67305.89,67305.89,1,0.0033206099218971996
2023-11-30 00:00:00+00:00,132281.84133399997,66892.58133399997,65389.259999999995,65389.26,65389.259999999995,1,-0.014282055383699532
2023-12-01 00:00:00+00:00,132281.84133399997,66892.58133399997,65389.259999999995,65389.26,65389.259999999995,1,0.0
2023-12-04 00:00:00+00:00,130509.53925399997,66155.33925399998,64354.2,64354.2,64354.2,1,-0.013397924175587272
2023-12-05 00:00:00+00:00,132030.89397399998,65245.993973999975,66784.9,66784.9,66784.9,1,0.01165703847164079
2023-12-06 00:00:00+00:00,130538.38263599997,66047.74263599998,64490.639999999985,64490.63999999999,64490.639999999985,1,-0.01130425836769633
2023-12-07 00:00:00+00:00,132312.89166799997,490.1516679999768,131822.74,131822.74,131822.74,2,0.013593772162384887
2023-12-08 00:00:00+00:00,132712.86273999998,66157.97273999998,66554.89,66554.89,66554.89,1,0.0030229183789862724
2023-12-11 00:00:00+00:00,133596.58922799997,66380.35922799999,67216.22999999998,67216.23,67216.22999999998,1,0.006658936215785616
2023-12-12 00:00:00+00:00,126307.06162,126307.06162,0.0,0.0,0.0,0,-0.05456372539241583
2023-12-13 00:00:00+00:00,127467.71390999999,62906.193909999995,64561.52,64561.52,64561.52,1,0.00918913222359552
2023-12-14 00:00:00+00:00,125799.97573399999,63702.675734,62097.299999999996,62097.299999999996,62097.299999999996,1,-0.013083612507379883
2023-12-15 00:00:00+00:00,127688.92778200001,62922.287782,64766.640000000014,64766.64000000001,64766.640000000014,1,0.015015519971117941
2023-12-18 00:00:00+00:00,128731.99168,63831.91168,64900.08000000001,64900.08,64900.08000000001,1,0.00816878891630135
2023-12-19 00:00:00+00:00,128680.41921600001,128680.41921600001,0.0,0.0,0.0,0,-0.0004006188619235518
2023-12-20 00:00:00+00:00,128680.41921600001,128680.41921600001,0.0,0.0,0.0,0,0.0
2023-12-21 00:00:00+00:00,128680.41921600001,128680.41921600001,0.0,0.0,0.0,0,0.0
2023-12-22 00:00:00+00:00,128680.41921600001,128680.41921600001,0.0,0.0,0.0,0,0.0
2023-12-26 00:00:00+00:00,128680.41921600001,128680.41921600001,0.0,0.0,0.0,0,0.0
2023-12-27 00:00:00+00:00,128680.41921600001,128680.41921600001,0.0,0.0,0.0,0,0.0
2023-12-28 00:00:00+00:00,128680.41921600001,128680.41921600001,0.0,0.0,0.0,0,0.0
2023-12-29 00:00:00+00:00,128680.41921600001,128680.41921600001,0.0,0.0,0.0,0,0.0
2024-01-02 00:00:00+00:00,128680.41921600001,128680.41921600001,0.0,0.0,0.0,0,0.0
2024-01-03 00:00:00+00:00,128680.41921600001,128680.41921600001,0.0,0.0,0.0,0,0.0
2024-01-04 00:00:00+00:00,128680.41921600001,128680.41921600001,0.0,0.0,0.0,0,0.0
2024-01-05 00:00:00+00:00,128680.41921600001,128680.41921600001,0.0,0.0,0.0,0,0.0
2024-01-08 00:00:00+00:00,128680.41921600001,128680.41921600001,0.0,0.0,0.0,0,0.0
2024-01-09 00:00:00+00:00,128680.41921600001,128680.41921600001,0.0,0.0,0.0,0,0.0
2024-01-10 00:00:00+00:00,128680.41921600001,128680.41921600001,0.0,0.0,0.0,0,0.0
2024-01-11 00:00:00+00:00,128680.41921600001,128680.41921600001,0.0,0.0,0.0,0,0.0
2024-01-12 00:00:00+00:00,128680.41921600001,128680.41921600001,0.0,0.0,0.0,0,0.0
2024-01-16 00:00:00+00:00,128680.41921600001,128680.41921600001,0.0,0.0,0.0,0,0.0
2024-01-17 00:00:00+00:00,128680.41921600001,128680.41921600001,0.0,0.0,0.0,0,0.0
2024-01-18 00:00:00+00:00,128680.41921600001,128680.41921600001,0.0,0.0,0.0,0,0.0
2024-01-19 00:00:00+00:00,128680.41921600001,128680.41921600001,0.0,0.0,0.0,0,0.0
2024-01-22 00:00:00+00:00,128680.41921600001,128680.41921600001,0.0,0.0,0.0,0,0.0
2024-01-23 00:00:00+00:00,128680.41921600001,128680.41921600001,0.0,0.0,0.0,0,0.0
2024-01-24 00:00:00+00:00,128680.41921600001,128680.41921600001,0.0,0.0,0.0,0,0.0
2024-01-25 00:00:00+00:00,128680.41921600001,128680.41921600001,0.0,0.0,0.0,0,0.0
2024-01-26 00:00:00+00:00,128680.41921600001,128680.41921600001,0.0,0.0,0.0,0,0.0
2024-01-29 00:00:00+00:00,128680.41921600001,128680.41921600001,0.0,0.0,0.0,0,0.0
2024-01-30 00:00:00+00:00,128680.41921600001,128680.41921600001,0.0,0.0,0.0,0,0.0
2024-01-31 00:00:00+00:00,128680.41921600001,128680.41921600001,0.0,0.0,0.0,0,0.0
2024-02-01 00:00:00+00:00,130149.96784600001,63572.42784600001,66577.54000000001,66577.54000000001,66577.54000000001,1,0.011420141766349534
2024-02-02 00:00:00+00:00,130274.28270600003,130274.28270600003,0.0,0.0,0.0,0,0.0009551662751627887
2024-02-05 00:00:00+00:00,130274.28270600003,130274.28270600003,0.0,0.0,0.0,0,0.0
2024-02-06 00:00:00+00:00,130274.28270600003,130274.28270600003,0.0,0.0,0.0,0,0.0
2024-02-07 00:00:00+00:00,130274.28270600003,130274.28270600003,0.0,0.0,0.0,0,0.0
2024-02-08 00:00:00+00:00,130274.28270600003,130274.28270600003,0.0,0.0,0.0,0,0.0
2024-02-09 00:00:00+00:00,130274.28270600003,130274.28270600003,0.0,0.0,0.0,0,0.0
2024-02-12 00:00:00+00:00,130274.28270600003,130274.28270600003,0.0,0.0,0.0,0,0.0
2024-02-13 00:00:00+00:00,130274.28270600003,130274.28270600003,0.0,0.0,0.0,0,0.0
2024-02-14 00:00:00+00:00,130199.91731400002,64692.63731400002,65507.28,65507.28,65507.28,1,-0.0005708370866093215
2024-02-15 00:00:00+00:00,129358.60813000002,65141.008130000024,64217.6,64217.6,64217.6,1,-0.0064616721834855895
2024-02-16 00:00:00+00:00,128510.62185000003,64696.941850000025,63813.68,63813.68,63813.68,1,-0.006555313884854197
2024-02-20 00:00:00+00:00,126866.96140200002,64262.60140200002,62604.35999999999,62604.36,62604.35999999999,1,-0.012790074659497996
2024-02-21 00:00:00+00:00,126176.06356600004,1261.763566000017,124914.30000000002,124914.30000000002,124914.30000000002,2,-0.0054458452253045575
2024-02-22 00:00:00+00:00,138030.74249000003,-170.01750999998325,138200.76,138200.76,138200.76,2,0.09395346937415794
2024-02-23 00:00:00+00:00,140647.23329000003,75366.63329000003,65280.600000000006,65280.600000000006,65280.600000000006,1,0.018955855433361535
2024-02-26 00:00:00+00:00,140637.74711000003,140637.74711000003,0.0,0.0,0.0,0,-6.744661646096439e-05
2024-02-27 00:00:00+00:00,140637.74711000003,140637.74711000003,0.0,0.0,0.0,0,0.0
2024-02-28 00:00:00+00:00,140637.74711000003,140637.74711000003,0.0,0.0,0.0,0,0.0
2024-02-29 00:00:00+00:00,140637.74711000003,140637.74711000003,0.0,0.0,0.0,0,0.0
2024-03-01 00:00:00+00:00,140637.74711000003,140637.74711000003,0.0,0.0,0.0,0,0.0
2024-03-04 00:00:00+00:00,140637.74711000003,140637.74711000003,0.0,0.0,0.0,0,0.0
2024-03-05 00:00:00+00:00,140637.74711000003,140637.74711000003,0.0,0.0,0.0,0,0.0
2024-03-06 00:00:00+00:00,140637.74711000003,140637.74711000003,0.0,0.0,0.0,0,0.0
2024-03-07 00:00:00+00:00,140637.74711000003,140637.74711000003,0.0,0.0,0.0,0,0.0
2024-03-08 00:00:00+00:00,140637.74711000003,140637.74711000003,0.0,0.0,0.0,0,0.0
2024-03-11 00:00:00+00:00,140637.74711000003,140637.74711000003,0.0,0.0,0.0,0,0.0
2024-03-12 00:00:00+00:00,140637.74711000003,140637.74711000003,0.0,0.0,0.0,0,0.0
2024-03-13 00:00:00+00:00,140637.74711000003,140637.74711000003,0.0,0.0,0.0,0,0.0
2024-03-14 00:00:00+00:00,140637.74711000003,140637.74711000003,0.0,0.0,0.0,0,0.0
2024-03-15 00:00:00+00:00,140637.74711000003,140637.74711000003,0.0,0.0,0.0,0,0.0
2024-03-18 00:00:00+00:00,140637.74711000003,140637.74711000003,0.0,0.0,0.0,0,0.0
2024-03-19 00:00:00+00:00,140637.74711000003,140637.74711000003,0.0,0.0,0.0,0,0.0
2024-03-20 00:00:00+00:00,140637.74711000003,140637.74711000003,0.0,0.0,0.0,0,0.0
2024-03-21 00:00:00+00:00,140637.74711000003,140637.74711000003,0.0,0.0,0.0,0,0.0
2024-03-22 00:00:00+00:00,140637.74711000003,140637.74711000003,0.0,0.0,0.0,0,0.0
2024-03-25 00:00:00+00:00,140637.74711000003,140637.74711000003,0.0,0.0,0.0,0,0.0
2024-03-26 00:00:00+00:00,140637.74711000003,140637.74711000003,0.0,0.0,0.0,0,0.0
2024-03-27 00:00:00+00:00,140637.74711000003,140637.74711000003,0.0,0.0,0.0,0,0.0
2024-03-28 00:00:00+00:00,140637.74711000003,140637.74711000003,0.0,0.0,0.0,0,0.0
2024-04-01 00:00:00+00:00,140637.74711000003,140637.74711000003,0.0,0.0,0.0,0,0.0
2024-04-02 00:00:00+00:00,141383.21895,71732.82895000002,69650.38999999998,69650.39,69650.38999999998,1,0.005300652600876088
2024-04-03 00:00:00+00:00,141001.50895000005,71732.82895000002,69268.68000000002,69268.68000000001,69268.68000000002,1,-0.0026998253600022393
2024-04-04 00:00:00+00:00,142081.03468600003,142081.03468600003,0.0,0.0,0.0,0,0.007656128959462327
2024-04-05 00:00:00+00:00,142980.73460200004,70237.81460200003,72742.92000000001,72742.92,72742.92000000001,1,0.006332301267289786
2024-04-08 00:00:00+00:00,142261.24460200005,70237.81460200003,72023.43000000002,72023.43000000001,72023.43000000002,1,-0.005032076538162733
2024-04-09 00:00:00+00:00,140789.18460200002,70237.81460200003,70551.37,70551.37,70551.37,1,-0.010347582745521167
2024-04-10 00:00:00+00:00,142180.47394600004,70405.47394600003,71775.00000000001,71775.0,71775.00000000001,1,0.009882075444453298
2024-04-11 00:00:00+00:00,143297.567542,71319.22754200001,71978.34,71978.34,71978.34,1,0.007856870672862115
2024-04-12 00:00:00+00:00,142052.267542,71319.22754200001,70733.03999999998,70733.04,70733.03999999998,1,-0.008690308016812809
2024-04-15 00:00:00+00:00,141330.053134,71078.40313400001,70251.64999999998,70251.65,70251.64999999998,1,-0.0050841455789254475
2024-04-16 00:00:00+00:00,141766.199262,70604.99926200001,71161.2,71161.2,71161.2,1,0.0030860112080088875
2024-04-17 00:00:00+00:00,140616.11926200002,70604.99926200001,70011.12000000001,70011.12,70011.12000000001,1,-0.008112512051441145
2024-04-18 00:00:00+00:00,138738.62687,-875.1831299999848,139613.81,139613.81,139613.81,2,-0.013351900207840495
2024-04-19 00:00:00+00:00,131097.896038,-35.353961999984904,131133.25,131133.25,131133.25,2,-0.05507284455942807
2024-04-22 00:00:00+00:00,133703.665858,-39.81414199998426,133743.47999999998,133743.47999999998,133743.47999999998,2,0.01987651898886833
2024-04-23 00:00:00+00:00,136482.974286,-15.155713999984073,136498.13,136498.13,136498.13,2,0.020787077229069917
2024-04-24 00:00:00+00:00,134325.91063000003,-1038.529369999984,135364.44,135364.44,135364.44,2,-0.015804635466690975
2024-04-25 00:00:00+00:00,136549.406034,-1196.283965999984,137745.69,137745.69,137745.69,2,0.01655298961735374
2024-04-26 00:00:00+00:00,138738.78458600002,138738.78458600002,0.0,0.0,0.0,0,0.01603359996640963
2024-04-29 00:00:00+00:00,138738.78458600002,138738.78458600002,0.0,0.0,0.0,0,0.0
2024-04-30 00:00:00+00:00,138738.78458600002,138738.78458600002,0.0,0.0,0.0,0,0.0
2024-05-01 00:00:00+00:00,138738.78458600002,138738.78458600002,0.0,0.0,0.0,0,0.0
2024-05-02 00:00:00+00:00,138738.78458600002,138738.78458600002,0.0,0.0,0.0,0,0.0
2024-05-03 00:00:00+00:00,138586.43079200003,68673.78079200002,69912.65000000001,69912.65,69912.65000000001,1,-0.0010981341263340827
2024-05-06 00:00:00+00:00,140118.93079200003,68673.78079200002,71445.15000000001,71445.15,71445.15000000001,1,0.011058081164526667
2024-05-07 00:00:00+00:00,139873.89507600002,139873.89507600002,0.0,0.0,0.0,0,-0.0017487695246815038
2024-05-08 00:00:00+00:00,139873.89507600002,139873.89507600002,0.0,0.0,0.0,0,0.0
2024-05-09 00:00:00+00:00,139873.89507600002,139873.89507600002,0.0,0.0,0.0,0,0.0
2024-05-10 00:00:00+00:00,139873.89507600002,139873.89507600002,0.0,0.0,0.0,0,0.0
2024-05-13 00:00:00+00:00,139873.89507600002,139873.89507600002,0.0,0.0,0.0,0,0.0
2024-05-14 00:00:00+00:00,139873.89507600002,139873.89507600002,0.0,0.0,0.0,0,0.0
2024-05-15 00:00:00+00:00,139873.89507600002,139873.89507600002,0.0,0.0,0.0,0,0.0
2024-05-16 00:00:00+00:00,139873.89507600002,139873.89507600002,0.0,0.0,0.0,0,0.0
2024-05-17 00:00:00+00:00,139873.89507600002,139873.89507600002,0.0,0.0,0.0,0,0.0
2024-05-20 00:00:00+00:00,139873.89507600002,139873.89507600002,0.0,0.0,0.0,0,0.0
2024-05-21 00:00:00+00:00,139873.89507600002,139873.89507600002,0.0,0.0,0.0,0,0.0
2024-05-22 00:00:00+00:00,139873.89507600002,139873.89507600002,0.0,0.0,0.0,0,0.0
2024-05-23 00:00:00+00:00,139873.89507600002,139873.89507600002,0.0,0.0,0.0,0,0.0
2024-05-24 00:00:00+00:00,139873.89507600002,139873.89507600002,0.0,0.0,0.0,0,0.0
2024-05-28 00:00:00+00:00,139873.89507600002,139873.89507600002,0.0,0.0,0.0,0,0.0
2024-05-29 00:00:00+00:00,139873.89507600002,139873.89507600002,0.0,0.0,0.0,0,0.0
2024-05-30 00:00:00+00:00,139873.89507600002,139873.89507600002,0.0,0.0,0.0,0,0.0
2024-05-31 00:00:00+00:00,140189.68288800004,70245.16288800002,69944.52000000002,69944.52,69944.52000000002,1,0.002257660815325524
2024-06-03 00:00:00+00:00,141439.693432,70129.33343200001,71310.35999999999,71310.36,71310.35999999999,1,0.008916565885940475
2024-06-04 00:00:00+00:00,141907.60177200002,70715.08177200002,71192.52,71192.52,71192.52,1,0.0033081826511804913
2024-06-05 00:00:00+00:00,143422.55800000002,70954.55800000002,72468.0,72468.0,72468.0,1,0.010675652389884327
2024-06-06 00:00:00+00:00,143522.99080000003,143522.99080000003,0.0,0.0,0.0,0,0.0007002580444841477
2024-06-07 00:00:00+00:00,143522.99080000003,143522.99080000003,0.0,0.0,0.0,0,0.0
2024-06-10 00:00:00+00:00,143522.99080000003,143522.99080000003,0.0,0.0,0.0,0,0.0
2024-06-11 00:00:00+00:00,143522.99080000003,143522.99080000003,0.0,0.0,0.0,0,0.0
2024-06-12 00:00:00+00:00,143522.99080000003,143522.99080000003,0.0,0.0,0.0,0,0.0
2024-06-13 00:00:00+00:00,143522.99080000003,143522.99080000003,0.0,0.0,0.0,0,0.0
2024-06-14 00:00:00+00:00,143522.99080000003,143522.99080000003,0.0,0.0,0.0,0,0.0
2024-06-17 00:00:00+00:00,143522.99080000003,143522.99080000003,0.0,0.0,0.0,0,0.0
2024-06-18 00:00:00+00:00,143522.99080000003,143522.99080000003,0.0,0.0,0.0,0,0.0
2024-06-20 00:00:00+00:00,143522.99080000003,143522.99080000003,0.0,0.0,0.0,0,0.0
2024-06-21 00:00:00+00:00,143522.99080000003,143522.99080000003,0.0,0.0,0.0,0,0.0
2024-06-24 00:00:00+00:00,143522.99080000003,143522.99080000003,0.0,0.0,0.0,0,0.0
2024-06-25 00:00:00+00:00,143522.99080000003,143522.99080000003,0.0,0.0,0.0,0,0.0
2024-06-26 00:00:00+00:00,143522.99080000003,143522.99080000003,0.0,0.0,0.0,0,0.0
2024-06-27 00:00:00+00:00,143522.99080000003,143522.99080000003,0.0,0.0,0.0,0,0.0
2024-06-28 00:00:00+00:00,143522.99080000003,143522.99080000003,0.0,0.0,0.0,0,0.0
2024-07-01 00:00:00+00:00,143522.99080000003,143522.99080000003,0.0,0.0,0.0,0,0.0
2024-07-02 00:00:00+00:00,143522.99080000003,143522.99080000003,0.0,0.0,0.0,0,0.0
2024-07-03 00:00:00+00:00,143522.99080000003,143522.99080000003,0.0,0.0,0.0,0,0.0
2024-07-05 00:00:00+00:00,143522.99080000003,143522.99080000003,0.0,0.0,0.0,0,0.0
2024-07-08 00:00:00+00:00,143522.99080000003,143522.99080000003,0.0,0.0,0.0,0,0.0
2024-07-09 00:00:00+00:00,143522.99080000003,143522.99080000003,0.0,0.0,0.0,0,0.0
2024-07-10 00:00:00+00:00,143522.99080000003,143522.99080000003,0.0,0.0,0.0,0,0.0
2024-07-11 00:00:00+00:00,143522.99080000003,143522.99080000003,0.0,0.0,0.0,0,0.0
2024-07-12 00:00:00+00:00,143522.99080000003,143522.99080000003,0.0,0.0,0.0,0,0.0
2024-07-15 00:00:00+00:00,143522.99080000003,143522.99080000003,0.0,0.0,0.0,0,0.0
2024-07-16 00:00:00+00:00,143522.99080000003,143522.99080000003,0.0,0.0,0.0,0,0.0
2024-07-17 00:00:00+00:00,143522.99080000003,143522.99080000003,0.0,0.0,0.0,0,0.0
2024-07-18 00:00:00+00:00,143522.99080000003,143522.99080000003,0.0,0.0,0.0,0,0.0
2024-07-19 00:00:00+00:00,143522.99080000003,143522.99080000003,0.0,0.0,0.0,0,0.0
2024-07-22 00:00:00+00:00,145598.42969200003,-2149.5403079999815,147747.97000000003,147747.97,147747.97000000003,2,0.014460671983153928
2024-07-23 00:00:00+00:00,146539.47969200002,-2149.5403079999815,148689.02000000002,148689.02000000002,148689.02000000002,2,0.006463325202000325
2024-07-24 00:00:00+00:00,143640.812964,143640.812964,0.0,0.0,0.0,0,-0.019780790365111822
2024-07-25 00:00:00+00:00,143120.13053800003,72527.46053800001,70592.67000000001,70592.67,70592.67000000001,1,-0.0036248919457904094
2024-07-26 00:00:00+00:00,143610.75053800002,72527.46053800001,71083.29000000001,71083.29000000001,71083.29000000001,1,0.0034280292936830215
2024-07-29 00:00:00+00:00,142673.11143400002,71845.21143400001,70827.90000000001,70827.90000000001,70827.90000000001,1,-0.006529031430358656
2024-07-30 00:00:00+00:00,135857.40900400002,-452.19099599999026,136309.6,136309.6,136309.6,2,-0.04777145715472053
2024-07-31 00:00:00+00:00,146366.81162400002,-77.64837599999055,146444.46000000002,146444.46000000002,146444.46000000002,2,0.07735612431479977
2024-08-01 00:00:00+00:00,146531.72319,146531.72319,0.0,0.0,0.0,0,0.0011267005420847465
2024-08-02 00:00:00+00:00,146531.72319,146531.72319,0.0,0.0,0.0,0,0.0
2024-08-05 00:00:00+00:00,146472.800388,76134.840388,70337.96,70337.96,70337.96,1,-0.00040211635212661356
2024-08-06 00:00:00+00:00,146613.071154,73167.671154,73445.40000000001,73445.4,73445.40000000001,1,0.0009576574328369336
2024-08-07 00:00:00+00:00,138998.45158800003,-2505.8084119999958,141504.26,141504.26,141504.26,2,-0.051936839642365173
2024-08-08 00:00:00+00:00,144986.694548,21.074548000004143,144965.62,144965.62,144965.62,2,0.043081364515840104
2024-08-09 00:00:00+00:00,147159.041548,72944.37154800001,74214.67,74214.67,74214.67,1,0.0149830783215823
2024-08-12 00:00:00+00:00,147222.55788,147222.55788,0.0,0.0,0.0,0,0.000431616918212141
2024-08-13 00:00:00+00:00,147222.55788,147222.55788,0.0,0.0,0.0,0,0.0
2024-08-14 00:00:00+00:00,147222.55788,147222.55788,0.0,0.0,0.0,0,0.0
2024-08-15 00:00:00+00:00,147222.55788,147222.55788,0.0,0.0,0.0,0,0.0
2024-08-16 00:00:00+00:00,147222.55788,147222.55788,0.0,0.0,0.0,0,0.0
2024-08-19 00:00:00+00:00,147222.55788,147222.55788,0.0,0.0,0.0,0,0.0
2024-08-20 00:00:00+00:00,147222.55788,147222.55788,0.0,0.0,0.0,0,0.0
2024-08-21 00:00:00+00:00,147222.55788,147222.55788,0.0,0.0,0.0,0,0.0
2024-08-22 00:00:00+00:00,147222.55788,147222.55788,0.0,0.0,0.0,0,0.0
2024-08-23 00:00:00+00:00,147222.55788,147222.55788,0.0,0.0,0.0,0,0.0
2024-08-26 00:00:00+00:00,147222.55788,147222.55788,0.0,0.0,0.0,0,0.0
2024-08-27 00:00:00+00:00,147222.55788,147222.55788,0.0,0.0,0.0,0,0.0
2024-08-28 00:00:00+00:00,147222.55788,147222.55788,0.0,0.0,0.0,0,0.0
2024-08-29 00:00:00+00:00,147222.55788,147222.55788,0.0,0.0,0.0,0,0.0
2024-08-30 00:00:00+00:00,147077.52119200001,72383.20119200001,74694.32,74694.31999999999,74694.32,1,-0.0009851526157982349
2024-09-03 00:00:00+00:00,139959.90119200002,72383.20119200001,67576.70000000001,67576.7,67576.70000000001,1,-0.048393663030997125
2024-09-04 00:00:00+00:00,138861.830308,70063.670308,68798.16,68798.16,68798.16,1,-0.007845610597378538
2024-09-05 00:00:00+00:00,139516.292524,69433.652524,70082.63999999998,70082.64,70082.63999999998,1,0.004713046159253276
2024-09-06 00:00:00+00:00,136673.71814200003,69757.428142,66916.29000000002,66916.29000000001,66916.29000000002,1,-0.02037449770614408
2024-09-09 00:00:00+00:00,139064.737486,68288.787486,70775.95,70775.95000000001,70775.95,1,0.01749436085082401
2024-09-10 00:00:00+00:00,139906.191246,139906.191246,0.0,0.0,0.0,0,0.006050806086515648
2024-09-11 00:00:00+00:00,139906.191246,139906.191246,0.0,0.0,0.0,0,0.0
2024-09-12 00:00:00+00:00,139906.191246,139906.191246,0.0,0.0,0.0,0,0.0
2024-09-13 00:00:00+00:00,139906.191246,139906.191246,0.0,0.0,0.0,0,0.0
2024-09-16 00:00:00+00:00,139906.191246,139906.191246,0.0,0.0,0.0,0,0.0
2024-09-17 00:00:00+00:00,139906.191246,139906.191246,0.0,0.0,0.0,0,0.0
2024-09-18 00:00:00+00:00,139906.191246,139906.191246,0.0,0.0,0.0,0,0.0
2024-09-19 00:00:00+00:00,139906.191246,139906.191246,0.0,0.0,0.0,0,0.0
2024-09-20 00:00:00+00:00,139906.191246,139906.191246,0.0,0.0,0.0,0,0.0
2024-09-23 00:00:00+00:00,139906.191246,139906.191246,0.0,0.0,0.0,0,0.0
2024-09-24 00:00:00+00:00,139906.191246,139906.191246,0.0,0.0,0.0,0,0.0
2024-09-25 00:00:00+00:00,139906.191246,139906.191246,0.0,0.0,0.0,0,0.0
2024-09-26 00:00:00+00:00,139906.191246,139906.191246,0.0,0.0,0.0,0,0.0
2024-09-27 00:00:00+00:00,139906.191246,139906.191246,0.0,0.0,0.0,0,0.0
2024-09-30 00:00:00+00:00,139906.191246,139906.191246,0.0,0.0,0.0,0,0.0
2024-10-01 00:00:00+00:00,139906.191246,139906.191246,0.0,0.0,0.0,0,0.0
2024-10-02 00:00:00+00:00,141305.606926,70257.226926,71048.38,71048.38,71048.38,1,0.010002528605323802
2024-10-03 00:00:00+00:00,143697.606926,70257.226926,73440.38,73440.38,73440.38,1,0.016927849163498987
2024-10-04 00:00:00+00:00,144902.612806,144902.612806,0.0,0.0,0.0,0,0.008385705968092516
2024-10-07 00:00:00+00:00,144902.612806,144902.612806,0.0,0.0,0.0,0,0.0
2024-10-08 00:00:00+00:00,144902.612806,144902.612806,0.0,0.0,0.0,0,0.0
2024-10-09 00:00:00+00:00,144902.612806,144902.612806,0.0,0.0,0.0,0,0.0
2024-10-10 00:00:00+00:00,144902.612806,144902.612806,0.0,0.0,0.0,0,0.0
2024-10-11 00:00:00+00:00,144902.612806,144902.612806,0.0,0.0,0.0,0,0.0
2024-10-14 00:00:00+00:00,144902.612806,144902.612806,0.0,0.0,0.0,0,0.0
2024-10-15 00:00:00+00:00,144902.612806,144902.612806,0.0,0.0,0.0,0,0.0
2024-10-16 00:00:00+00:00,145388.53180599998,72724.33180599999,72664.2,72664.2,72664.2,1,0.0033534177927527775
2024-10-17 00:00:00+00:00,146478.25288599997,146478.25288599997,0.0,0.0,0.0,0,0.007495234090774572
2024-10-18 00:00:00+00:00,146478.25288599997,146478.25288599997,0.0,0.0,0.0,0,0.0
2024-10-21 00:00:00+00:00,146478.25288599997,146478.25288599997,0.0,0.0,0.0,0,0.0
2024-10-22 00:00:00+00:00,146478.25288599997,146478.25288599997,0.0,0.0,0.0,0,0.0
2024-10-23 00:00:00+00:00,146478.25288599997,146478.25288599997,0.0,0.0,0.0,0,0.0
2024-10-24 00:00:00+00:00,146478.25288599997,146478.25288599997,0.0,0.0,0.0,0,0.0
2024-10-25 00:00:00+00:00,146478.25288599997,146478.25288599997,0.0,0.0,0.0,0,0.0
2024-10-28 00:00:00+00:00,146478.25288599997,146478.25288599997,0.0,0.0,0.0,0,0.0
2024-10-29 00:00:00+00:00,146478.25288599997,146478.25288599997,0.0,0.0,0.0,0,0.0
2024-10-30 00:00:00+00:00,146478.25288599997,146478.25288599997,0.0,0.0,0.0,0,0.0
2024-10-31 00:00:00+00:00,146478.25288599997,146478.25288599997,0.0,0.0,0.0,0,0.0
2024-11-01 00:00:00+00:00,146722.57022799997,-2215.3397720000357,148937.91,148937.91,148937.91,2,0.0016679427641053124
2024-11-04 00:00:00+00:00,146891.74022799998,-2215.3397720000357,149107.08000000002,149107.08000000002,149107.08000000002,2,0.0011529923428763578
2024-11-05 00:00:00+00:00,149943.31594799997,107.06594799996446,149836.25,149836.25,149836.25,2,0.02077431797910112
2024-11-06 00:00:00+00:00,155634.33310799993,77232.16310799995,78402.16999999998,78402.17,78402.16999999998,1,0.03795445714948431
2024-11-07 00:00:00+00:00,155517.41375799995,155517.41375799995,0.0,0.0,0.0,0,-0.0007512439425486628
2024-11-08 00:00:00+00:00,155517.41375799995,155517.41375799995,0.0,0.0,0.0,0,0.0
2024-11-11 00:00:00+00:00,155517.41375799995,155517.41375799995,0.0,0.0,0.0,0,0.0
2024-11-12 00:00:00+00:00,155517.41375799995,155517.41375799995,0.0,0.0,0.0,0,0.0
2024-11-13 00:00:00+00:00,155517.41375799995,155517.41375799995,0.0,0.0,0.0,0,0.0
2024-11-14 00:00:00+00:00,155517.41375799995,155517.41375799995,0.0,0.0,0.0,0,0.0
2024-11-15 00:00:00+00:00,155517.41375799995,155517.41375799995,0.0,0.0,0.0,0,0.0
2024-11-18 00:00:00+00:00,156078.32316599996,77386.24316599996,78692.08,78692.08,78692.08,1,0.0036067305547713424
2024-11-19 00:00:00+00:00,160544.36073199997,-1348.3592680000438,161892.72000000003,161892.72,161892.72000000003,2,0.028614079619820654
2024-11-20 00:00:00+00:00,161512.54552399996,161512.54552399996,0.0,0.0,0.0,0,0.006030637187040222
2024-11-21 00:00:00+00:00,161512.54552399996,161512.54552399996,0.0,0.0,0.0,0,0.0
2024-11-22 00:00:00+00:00,161512.54552399996,161512.54552399996,0.0,0.0,0.0,0,0.0
2024-11-25 00:00:00+00:00,161512.54552399996,161512.54552399996,0.0,0.0,0.0,0,0.0
2024-11-26 00:00:00+00:00,161000.16706399995,79699.38706399995,81300.78,81300.78,81300.78,1,-0.0031723756091991406
2024-11-27 00:00:00+00:00,160059.18120799994,80508.66120799995,79550.51999999999,79550.51999999999,79550.51999999999,1,-0.005844626581200774
2024-11-29 00:00:00+00:00,162094.36687599996,-597.1931240000558,162691.56,162691.56,162691.56,2,0.01271520729170339
2024-12-02 00:00:00+00:00,160812.57682399993,-780.7231760000558,161593.3,161593.3,161593.3,2,-0.007907677957621928
2024-12-03 00:00:00+00:00,161203.61658199996,80093.21658199995,81110.40000000001,81110.40000000001,81110.40000000001,1,0.0024316491018485653
2024-12-04 00:00:00+00:00,163550.23160199996,80651.18160199995,82899.05,82899.05,82899.05,1,0.014556838548385409
2024-12-05 00:00:00+00:00,163865.17323199997,163865.17323199997,0.0,0.0,0.0,0,0.0019256568878875946
2024-12-06 00:00:00+00:00,163865.17323199997,163865.17323199997,0.0,0.0,0.0,0,0.0
2024-12-09 00:00:00+00:00,163865.17323199997,163865.17323199997,0.0,0.0,0.0,0,0.0
2024-12-10 00:00:00+00:00,163865.17323199997,163865.17323199997,0.0,0.0,0.0,0,0.0
2024-12-11 00:00:00+00:00,165219.82576799998,-1696.5442320000147,166916.37,166916.37,166916.37,2,0.008266872754481458
2024-12-12 00:00:00+00:00,162511.30891199998,44.55891199998527,162466.75,162466.75,162466.75,2,-0.01639341309924436
2024-12-13 00:00:00+00:00,159785.26496799997,-128.78503200001475,159914.05,159914.05,159914.05,2,-0.016774487647971403
2024-12-16 00:00:00+00:00,157456.95520599998,387.1752059999852,157069.78,157069.78,157069.78,2,-0.014571492324190749
2024-12-17 00:00:00+00:00,155811.583788,556.1037879999852,155255.48,155255.48,155255.48,2,-0.01044965854856883
2024-12-18 00:00:00+00:00,152932.20232799996,-113.39767200001472,153045.59999999998,153045.59999999998,153045.59999999998,2,-0.018479893407140846
2024-12-19 00:00:00+00:00,155553.40861999997,46.928619999985244,155506.47999999998,155506.47999999998,155506.47999999998,2,0.01713966223005281
2024-12-20 00:00:00+00:00,158332.95862,46.928619999985244,158286.03,158286.03,158286.03,2,0.017868782334369504
2024-12-23 00:00:00+00:00,159141.694452,159141.694452,0.0,0.0,0.0,0,0.005107817342951071
2024-12-24 00:00:00+00:00,159141.694452,159141.694452,0.0,0.0,0.0,0,0.0
2024-12-26 00:00:00+00:00,159141.694452,159141.694452,0.0,0.0,0.0,0,0.0
2024-12-27 00:00:00+00:00,159141.694452,159141.694452,0.0,0.0,0.0,0,0.0
